mineral,date,data_transformation,obs_value
Cobalt,2005-01,INDEX,136.0598338353427
Cobalt,2005-02,INDEX,131.513775770024
Cobalt,2005-03,INDEX,119.4139180787762
Cobalt,2005-04,INDEX,127.4790236247566
Cobalt,2005-05,INDEX,114.1668297914328
Cobalt,2005-06,INDEX,104.9127841195233
Cobalt,2005-07,INDEX,98.7116785559202
Cobalt,2005-08,INDEX,114.070554239131
Cobalt,2005-09,INDEX,114.7000917345788
Cobalt,2005-10,INDEX,99.21242452692296
Cobalt,2005-11,INDEX,98.44210566305802
Cobalt,2005-12,INDEX,105.5143296041695
Cobalt,2006-01,INDEX,101.0954089899303
Cobalt,2006-02,INDEX,93.5321938694588
Cobalt,2006-03,INDEX,100.0963204023872
Cobalt,2006-04,INDEX,110.1104622665886
Cobalt,2006-05,INDEX,111.3148962869044
Cobalt,2006-06,INDEX,104.2949806488054
Cobalt,2006-07,INDEX,102.4212864635534
Cobalt,2006-08,INDEX,124.1165758934117
Cobalt,2006-09,INDEX,140.6108312316677
Cobalt,2006-10,INDEX,136.1606333489861
Cobalt,2006-11,INDEX,138.5180413293566
Cobalt,2006-12,INDEX,206.7706152372263
Cobalt,2007-01,INDEX,187.3132056127077
Cobalt,2007-02,INDEX,191.1776582150123
Cobalt,2007-03,INDEX,219.6453918262448
Cobalt,2007-04,INDEX,227.1240654191444
Cobalt,2007-05,INDEX,214.7609273151922
Cobalt,2007-06,INDEX,204.8119150105146
Cobalt,2007-07,INDEX,196.2989238275412
Cobalt,2007-08,INDEX,182.1502347315603
Cobalt,2007-09,INDEX,205.0733589103411
Cobalt,2007-10,INDEX,213.9056158740385
Cobalt,2007-11,INDEX,233.5459699173951
Cobalt,2007-12,INDEX,285.1186243056981
Cobalt,2008-01,INDEX,326.1069258363199
Cobalt,2008-02,INDEX,357.4202109351889
Cobalt,2008-03,INDEX,373.1749736283053
Cobalt,2008-04,INDEX,363.2034088377725
Cobalt,2008-05,INDEX,349.2215408162646
Cobalt,2008-06,INDEX,332.4680732644696
Cobalt,2008-07,INDEX,290.6503788212129
Cobalt,2008-08,INDEX,198.2545272950013
Cobalt,2008-09,INDEX,228.9124438870117
Cobalt,2008-10,INDEX,246.4852062234465
Cobalt,2008-11,INDEX,162.5636027291358
Cobalt,2008-12,INDEX,109.946397981058
Cobalt,2009-01,INDEX,120.6342566506838
Cobalt,2009-02,INDEX,120.1790330406813
Cobalt,2009-03,INDEX,104.0511108577326
Cobalt,2009-04,INDEX,114.5375118738634
Cobalt,2009-05,INDEX,117.0110483261734
Cobalt,2009-06,INDEX,107.7904476541825
Cobalt,2009-07,INDEX,125.3420039218286
Cobalt,2009-08,INDEX,137.7051420257808
Cobalt,2009-09,INDEX,140.3064197972238
Cobalt,2009-10,INDEX,126.8968328854336
Cobalt,2009-11,INDEX,149.0792290814164
Cobalt,2009-12,INDEX,148.6686795896627
Cobalt,2010-01,INDEX,159.846970675566
Cobalt,2010-02,INDEX,163.0106973461026
Cobalt,2010-03,INDEX,146.9331749199758
Cobalt,2010-04,INDEX,165.0998485562931
Cobalt,2010-05,INDEX,158.9512618631821
Cobalt,2010-06,INDEX,152.9559107924631
Cobalt,2010-07,INDEX,149.4794372408693
Cobalt,2010-08,INDEX,151.0592042857888
Cobalt,2010-09,INDEX,161.7475062952102
Cobalt,2010-10,INDEX,152.7591252610263
Cobalt,2010-11,INDEX,145.7182409516737
Cobalt,2010-12,INDEX,147.7285560383763
Cobalt,2011-01,INDEX,153.9957289407576
Cobalt,2011-02,INDEX,156.215584491507
Cobalt,2011-03,INDEX,150.2712823356985
Cobalt,2011-04,INDEX,145.3995022269605
Cobalt,2011-05,INDEX,149.8525222073818
Cobalt,2011-06,INDEX,141.4554328175499
Cobalt,2011-07,INDEX,137.8965048532157
Cobalt,2011-08,INDEX,141.1100168318074
Cobalt,2011-09,INDEX,135.6047822063309
Cobalt,2011-10,INDEX,120.2008698300176
Cobalt,2011-11,INDEX,112.6752300778464
Cobalt,2011-12,INDEX,120.9924364425519
Cobalt,2012-01,INDEX,129.6241171370848
Cobalt,2012-02,INDEX,124.7777527725877
Cobalt,2012-03,INDEX,122.3040353858297
Cobalt,2012-04,INDEX,120.9410209935657
Cobalt,2012-05,INDEX,119.8459588361276
Cobalt,2012-06,INDEX,113.2289620147347
Cobalt,2012-07,INDEX,111.5095180670482
Cobalt,2012-08,INDEX,114.0868836257799
Cobalt,2012-09,INDEX,114.7579902916191
Cobalt,2012-10,INDEX,105.6291475555168
Cobalt,2012-11,INDEX,92.53845991160522
Cobalt,2012-12,INDEX,94.158791127411
Cobalt,2013-01,INDEX,100.2149062345419
Cobalt,2013-02,INDEX,99.91343037535783
Cobalt,2013-03,INDEX,99.42508179024384
Cobalt,2013-04,INDEX,102.9300280406206
Cobalt,2013-05,INDEX,109.9005455841315
Cobalt,2013-06,INDEX,118.002994968116
Cobalt,2013-07,INDEX,115.0281567393373
Cobalt,2013-08,INDEX,105.2626973788632
Cobalt,2013-09,INDEX,112.6340708751157
Cobalt,2013-10,INDEX,106.183737931367
Cobalt,2013-11,INDEX,102.7848147691936
Cobalt,2013-12,INDEX,104.4157804791291
Cobalt,2014-01,INDEX,110.4903623995546
Cobalt,2014-02,INDEX,122.064957541021
Cobalt,2014-03,INDEX,120.5631082160501
Cobalt,2014-04,INDEX,116.9203122133221
Cobalt,2014-05,INDEX,117.7896983655506
Cobalt,2014-06,INDEX,119.6173050991894
Cobalt,2014-07,INDEX,124.4815492466518
Cobalt,2014-08,INDEX,127.0120897238431
Cobalt,2014-09,INDEX,127.0481499031877
Cobalt,2014-10,INDEX,122.3028440285932
Cobalt,2014-11,INDEX,120.7701072565867
Cobalt,2014-12,INDEX,121.5283603737716
Cobalt,2015-01,INDEX,120.7596557347491
Cobalt,2015-02,INDEX,114.4992853214189
Cobalt,2015-03,INDEX,108.2684093615532
Cobalt,2015-04,INDEX,113.2107676633899
Cobalt,2015-05,INDEX,118.0777747339454
Cobalt,2015-06,INDEX,120.3705091586621
Cobalt,2015-07,INDEX,124.0207850443021
Cobalt,2015-08,INDEX,114.8471379625647
Cobalt,2015-09,INDEX,108.8399076966201
Cobalt,2015-10,INDEX,107.9945310793179
Cobalt,2015-11,INDEX,95.87774037099064
Cobalt,2015-12,INDEX,94.06131216059664
Cobalt,2016-01,INDEX,90.85443648716227
Cobalt,2016-02,INDEX,87.4820663069032
Cobalt,2016-03,INDEX,90.257201324729
Cobalt,2016-04,INDEX,90.32779760285356
Cobalt,2016-05,INDEX,91.95022630591126
Cobalt,2016-06,INDEX,93.04631959090096
Cobalt,2016-07,INDEX,98.51612432026393
Cobalt,2016-08,INDEX,103.2722393548576
Cobalt,2016-09,INDEX,104.5619708778494
Cobalt,2016-10,INDEX,110.7695810925945
Cobalt,2016-11,INDEX,114.903921851487
Cobalt,2016-12,INDEX,124.0581148844869
Cobalt,2017-01,INDEX,136.3542333149557
Cobalt,2017-02,INDEX,168.8896735249545
Cobalt,2017-03,INDEX,207.2200985627403
Cobalt,2017-04,INDEX,217.1965404463205
Cobalt,2017-05,INDEX,215.7685476072851
Cobalt,2017-06,INDEX,225.6160823710856
Cobalt,2017-07,INDEX,229.933854446733
Cobalt,2017-08,INDEX,229.604878340809
Cobalt,2017-09,INDEX,236.1372569362918
Cobalt,2017-10,INDEX,235.2629171439577
Cobalt,2017-11,INDEX,243.950620086652
Cobalt,2017-12,INDEX,285.2413360398717
Cobalt,2018-01,INDEX,303.5479088246191
Cobalt,2018-02,INDEX,317.2895206890418
Cobalt,2018-03,INDEX,344.0821453588671
Cobalt,2018-04,INDEX,356.5219576044457
Cobalt,2018-05,INDEX,354.4307181868887
Cobalt,2018-06,INDEX,318.8427136117852
Cobalt,2018-07,INDEX,277.4484733024285
Cobalt,2018-08,INDEX,248.6014187349935
Cobalt,2018-09,INDEX,244.3130212563962
Cobalt,2018-10,INDEX,238.0941174665969
Cobalt,2018-11,INDEX,215.8509850191155
Cobalt,2018-12,INDEX,217.0300359214073
Cobalt,2019-01,INDEX,159.8553050296443
Cobalt,2019-02,INDEX,126.0634465794917
Cobalt,2019-03,INDEX,123.0525854462328
Cobalt,2019-04,INDEX,131.561540822834
Cobalt,2019-05,INDEX,134.1796809387113
Cobalt,2019-06,INDEX,113.1389978974634
Cobalt,2019-07,INDEX,107.371206764141
Cobalt,2019-08,INDEX,118.3526499182165
Cobalt,2019-09,INDEX,140.2816304987799
Cobalt,2019-10,INDEX,138.4855538558084
Cobalt,2019-11,INDEX,139.455887807233
Cobalt,2019-12,INDEX,131.7479360357088
Cobalt,2020-01,INDEX,126.5073105839096
Cobalt,2020-02,INDEX,131.7267781908973
Cobalt,2020-03,INDEX,122.2110319085316
Cobalt,2020-04,INDEX,116.1079687888683
Cobalt,2020-05,INDEX,116.0985124801603
Cobalt,2020-06,INDEX,114.1810474151748
Cobalt,2020-07,INDEX,111.9923379008434
Cobalt,2020-08,INDEX,129.263655346131
Cobalt,2020-09,INDEX,131.4912526862004
Cobalt,2020-10,INDEX,130.4928487542844
Cobalt,2020-11,INDEX,126.6088612686314
Cobalt,2020-12,INDEX,125.2084368216495
Cobalt,2021-01,INDEX,148.777546602554
Cobalt,2021-02,INDEX,186.6070858636165
Cobalt,2021-03,INDEX,205.8434406485494
Cobalt,2021-04,INDEX,192.5145917675791
Cobalt,2021-05,INDEX,173.6410087537458
Cobalt,2021-06,INDEX,173.3838300402268
Cobalt,2021-07,INDEX,202.8365675221962
Cobalt,2021-08,INDEX,202.8030969809421
Cobalt,2021-09,INDEX,203.4212755642114
Cobalt,2021-10,INDEX,215.1297681715131
Cobalt,2021-11,INDEX,237.2525846256555
Cobalt,2021-12,INDEX,272.3409919636472
Cobalt,2022-01,INDEX,276.9745482892256
Cobalt,2022-02,INDEX,281.0845700966326
Cobalt,2022-03,INDEX,315.9732564373934
Cobalt,2022-04,INDEX,321.208016196472
Cobalt,2022-05,INDEX,305.2281299955756
Cobalt,2022-06,INDEX,282.9858396475089
Cobalt,2022-07,INDEX,218.7975954638489
Cobalt,2022-08,INDEX,193.6461234676165
Cobalt,2022-09,INDEX,202.3118386901084
Cobalt,2022-10,INDEX,202.2876038931267
Cobalt,2022-11,INDEX,202.2693534164098
Cobalt,2022-12,INDEX,202.2425769834066
Cobalt,2023-01,INDEX,191.9398981115072
Cobalt,2023-02,INDEX,143.7948496043979
Cobalt,2023-03,INDEX,132.9954847810821
Cobalt,2023-04,INDEX,135.4838419839327
Cobalt,2023-05,INDEX,130.1462937999787
Cobalt,2023-06,INDEX,115.2661177352448
Cobalt,2023-07,INDEX,129.5284147653491
Cobalt,2023-08,INDEX,129.5219527564761
Cobalt,2023-09,INDEX,129.5267784277767
Cobalt,2023-10,INDEX,129.5301913604277
Cobalt,2023-11,INDEX,129.6125735193012
Cobalt,2023-12,INDEX,117.9171036089395
Cobalt,2024-01,INDEX,112.6772518925703
Cobalt,2024-02,INDEX,111.0263458339587
Cobalt,2024-03,INDEX,111.0707607109245
Cobalt,2024-04,INDEX,109.9503710006549
Cobalt,2024-05,INDEX,107.7635862849858
Cobalt,2024-06,INDEX,105.3489837966821
Cobalt,2024-07,INDEX,103.6831295402568
Cobalt,2024-08,INDEX,98.61751349634226
Cobalt,2024-09,INDEX,94.56862356054992
Cobalt,2024-10,INDEX,95.15322904272858
Cobalt,2024-11,INDEX,95.40081809738234
Cobalt,2024-12,INDEX,95.43120722372736
Cobalt,2025-01,INDEX,93.38888718507464
Cobalt,2025-02,INDEX,85.3032267262191
Cobalt,2025-03,INDEX,123.8434507712361
Cobalt,2025-04,INDEX,130.8296516540774
Cobalt,2025-05,INDEX,130.6203492027684
Cobalt,2025-06,INDEX,129.4596418348052
Cobalt,2025-07,INDEX,129.1861335995478
Cobalt,2025-08,INDEX,129.1894123728451
Cobalt,2025-09,INDEX,131.4911188040354
Cobalt,2025-10,INDEX,169.442385669852
Cobalt,2025-11,INDEX,189.0513814757995
Cobalt,2025-12,INDEX,203.7149684068692
Cobalt,2026-01,INDEX,217.9607001754448
Cobalt,2026-02,INDEX,219.3667931507913
Cobalt,2026-03,INDEX,219.3321890738733
Cobalt,2005-01,USD,34645.41692789969
Cobalt,2005-02,USD,33487.83740856842
Cobalt,2005-03,USD,30406.80605151969
Cobalt,2005-04,USD,32460.4536000398
Cobalt,2005-05,USD,29070.72062315948
Cobalt,2005-06,USD,26714.32886862356
Cobalt,2005-07,USD,25135.31850524957
Cobalt,2005-08,USD,29046.20562446048
Cobalt,2005-09,USD,29206.50707704
Cobalt,2005-10,USD,25262.82529730807
Cobalt,2005-11,USD,25066.67616604921
Cobalt,2005-12,USD,26867.5026123302
Cobalt,2006-01,USD,25742.29657072292
Cobalt,2006-02,USD,23816.44723093
Cobalt,2006-03,USD,25487.89496161008
Cobalt,2006-04,USD,28037.83281086733
Cobalt,2006-05,USD,28344.52228431243
Cobalt,2006-06,USD,26557.01529400588
Cobalt,2006-07,USD,26079.90963825447
Cobalt,2006-08,USD,31604.26114215622
Cobalt,2006-09,USD,35804.25416728862
Cobalt,2006-10,USD,34671.08387954783
Cobalt,2006-11,USD,35271.3593616415
Cobalt,2006-12,USD,52650.76379559133
Cobalt,2007-01,USD,47696.25187406296
Cobalt,2007-02,USD,48680.27168234065
Cobalt,2007-03,USD,55929.11560748545
Cobalt,2007-04,USD,57833.43782654124
Cobalt,2007-05,USD,54685.36640770517
Cobalt,2007-06,USD,52152.01273821962
Cobalt,2007-07,USD,49984.31841930273
Cobalt,2007-08,USD,46381.58557085091
Cobalt,2007-09,USD,52218.5851619645
Cobalt,2007-10,USD,54467.57530325743
Cobalt,2007-11,USD,59468.67103638259
Cobalt,2007-12,USD,72600.80609046132
Cobalt,2008-01,USD,83037.80836854283
Cobalt,2008-02,USD,91011.22555605305
Cobalt,2008-03,USD,95022.91884360838
Cobalt,2008-04,USD,92483.822551534
Cobalt,2008-05,USD,88923.56796808192
Cobalt,2008-06,USD,84657.57078170871
Cobalt,2008-07,USD,74009.37712961705
Cobalt,2008-08,USD,50482.28093745333
Cobalt,2008-09,USD,58288.81922675023
Cobalt,2008-10,USD,62763.4364635863
Cobalt,2008-11,USD,41394.16927899687
Cobalt,2008-12,USD,27996.05651719594
Cobalt,2009-01,USD,30717.54535955163
Cobalt,2009-02,USD,30601.63009404391
Cobalt,2009-03,USD,26494.91783034102
Cobalt,2009-04,USD,29165.10876793005
Cobalt,2009-05,USD,29794.95447081653
Cobalt,2009-06,USD,27447.07893986892
Cobalt,2009-07,USD,31916.29639725593
Cobalt,2009-08,USD,35064.367816092
Cobalt,2009-09,USD,35726.74076185047
Cobalt,2009-10,USD,32312.20822646528
Cobalt,2009-11,USD,37960.59352142108
Cobalt,2009-12,USD,37856.0537912862
Cobalt,2010-01,USD,40702.42324725084
Cobalt,2010-02,USD,41508.01462904912
Cobalt,2010-03,USD,37414.13584117035
Cobalt,2010-04,USD,42039.98290111145
Cobalt,2010-05,USD,40474.34561128526
Cobalt,2010-06,USD,38947.72727272727
Cobalt,2010-07,USD,38062.5
Cobalt,2010-08,USD,38464.7619047619
Cobalt,2010-09,USD,41186.36363636364
Cobalt,2010-10,USD,38897.61904761905
Cobalt,2010-11,USD,37104.77272727273
Cobalt,2010-12,USD,37616.66666666667
Cobalt,2011-01,USD,39212.5
Cobalt,2011-02,USD,39777.75
Cobalt,2011-03,USD,38264.13043478261
Cobalt,2011-04,USD,37023.61111111111
Cobalt,2011-05,USD,38157.5
Cobalt,2011-06,USD,36019.31818181818
Cobalt,2011-07,USD,35113.09523809524
Cobalt,2011-08,USD,35931.36363636364
Cobalt,2011-09,USD,34529.54545454545
Cobalt,2011-10,USD,30607.19047619048
Cobalt,2011-11,USD,28690.90909090909
Cobalt,2011-12,USD,30808.75
Cobalt,2012-01,USD,33006.66666666667
Cobalt,2012-02,USD,31772.61904761905
Cobalt,2012-03,USD,31142.72727272727
Cobalt,2012-04,USD,30795.65789473684
Cobalt,2012-05,USD,30516.81818181818
Cobalt,2012-06,USD,28831.90789473684
Cobalt,2012-07,USD,28394.07954545455
Cobalt,2012-08,USD,29050.36363636364
Cobalt,2012-09,USD,29221.25
Cobalt,2012-10,USD,26896.73913043478
Cobalt,2012-11,USD,23563.40909090909
Cobalt,2012-12,USD,23976.0
Cobalt,2013-01,USD,25518.09090909091
Cobalt,2013-02,USD,25441.325
Cobalt,2013-03,USD,25316.975
Cobalt,2013-04,USD,26209.45238095238
Cobalt,2013-05,USD,27984.38095238095
Cobalt,2013-06,USD,30047.5375
Cobalt,2013-07,USD,29290.04347826087
Cobalt,2013-08,USD,26803.42857142857
Cobalt,2013-09,USD,28680.42857142857
Cobalt,2013-10,USD,27037.95652173913
Cobalt,2013-11,USD,26172.47619047619
Cobalt,2013-12,USD,26587.775
Cobalt,2014-01,USD,28134.56818181818
Cobalt,2014-02,USD,31081.85
Cobalt,2014-03,USD,30699.42857142857
Cobalt,2014-04,USD,29771.85
Cobalt,2014-05,USD,29993.225
Cobalt,2014-06,USD,30458.59523809524
Cobalt,2014-07,USD,31697.19565217391
Cobalt,2014-08,USD,32341.5565
Cobalt,2014-09,USD,32350.73863636364
Cobalt,2014-10,USD,31142.42391304348
Cobalt,2014-11,USD,30752.1375
Cobalt,2014-12,USD,30945.21428571429
Cobalt,2015-01,USD,30749.47619047619
Cobalt,2015-02,USD,29155.375
Cobalt,2015-03,USD,27568.78409090909
Cobalt,2015-04,USD,28827.275
Cobalt,2015-05,USD,30066.57894736842
Cobalt,2015-06,USD,30650.38636363636
Cobalt,2015-07,USD,31579.86956521739
Cobalt,2015-08,USD,29243.95
Cobalt,2015-09,USD,27714.30681818182
Cobalt,2015-10,USD,27499.04545454545
Cobalt,2015-11,USD,24413.70238095238
Cobalt,2015-12,USD,23951.17857142857
Cobalt,2016-01,USD,23134.6
Cobalt,2016-02,USD,22275.88095238095
Cobalt,2016-03,USD,22982.52380952381
Cobalt,2016-04,USD,23000.5
Cobalt,2016-05,USD,23413.625
Cobalt,2016-06,USD,23692.72727272727
Cobalt,2016-07,USD,25085.52380952381
Cobalt,2016-08,USD,26296.59090909091
Cobalt,2016-09,USD,26625.0
Cobalt,2016-10,USD,28205.66666666667
Cobalt,2016-11,USD,29258.40909090909
Cobalt,2016-12,USD,31589.375
Cobalt,2017-01,USD,34720.38095238095
Cobalt,2017-02,USD,43005.0
Cobalt,2017-03,USD,52765.21739130435
Cobalt,2017-04,USD,55305.55555555556
Cobalt,2017-05,USD,54941.94047619048
Cobalt,2017-06,USD,57449.45454545455
Cobalt,2017-07,USD,58548.90476190476
Cobalt,2017-08,USD,58465.13636363636
Cobalt,2017-09,USD,60128.5
Cobalt,2017-10,USD,59905.86363636364
Cobalt,2017-11,USD,62118.04545454545
Cobalt,2017-12,USD,72632.05263157895
Cobalt,2018-01,USD,77293.52272727274
Cobalt,2018-02,USD,80792.6
Cobalt,2018-03,USD,87614.90476190476
Cobalt,2018-04,USD,90782.5
Cobalt,2018-05,USD,90250.0
Cobalt,2018-06,USD,81188.09523809524
Cobalt,2018-07,USD,70647.72727272726
Cobalt,2018-08,USD,63302.29545454545
Cobalt,2018-09,USD,62210.325
Cobalt,2018-10,USD,60626.78260869565
Cobalt,2018-11,USD,54962.93181818182
Cobalt,2018-12,USD,55263.15789473684
Cobalt,2019-01,USD,40704.54545454545
Cobalt,2019-02,USD,32100.0
Cobalt,2019-03,USD,31333.33333333333
Cobalt,2019-04,USD,33500.0
Cobalt,2019-05,USD,34166.66666666667
Cobalt,2019-06,USD,28809.0
Cobalt,2019-07,USD,27340.32608695652
Cobalt,2019-08,USD,30136.57142857143
Cobalt,2019-09,USD,35720.42857142857
Cobalt,2019-10,USD,35263.08695652174
Cobalt,2019-11,USD,35510.16666666667
Cobalt,2019-12,USD,33547.4625
Cobalt,2020-01,USD,32213.02272727273
Cobalt,2020-02,USD,33542.075
Cobalt,2020-03,USD,31119.04545454545
Cobalt,2020-04,USD,29565.0
Cobalt,2020-05,USD,29562.59210526316
Cobalt,2020-06,USD,29074.34090909091
Cobalt,2020-07,USD,28517.02173913043
Cobalt,2020-08,USD,32914.88095238095
Cobalt,2020-09,USD,33482.10227272727
Cobalt,2020-10,USD,33227.875
Cobalt,2020-11,USD,32238.88095238095
Cobalt,2020-12,USD,31882.28571428571
Cobalt,2021-01,USD,37883.775
Cobalt,2021-02,USD,47516.45
Cobalt,2021-03,USD,52414.67391304348
Cobalt,2021-04,USD,49020.7
Cobalt,2021-05,USD,44214.85
Cobalt,2021-06,USD,44149.36363636364
Cobalt,2021-07,USD,51649.02272727273
Cobalt,2021-08,USD,51640.5
Cobalt,2021-09,USD,51797.90909090909
Cobalt,2021-10,USD,54779.28571428571
Cobalt,2021-11,USD,60412.5
Cobalt,2021-12,USD,69347.19047619047
Cobalt,2022-01,USD,70527.05
Cobalt,2022-02,USD,71573.6
Cobalt,2022-03,USD,80457.4347826087
Cobalt,2022-04,USD,81790.38095238095
Cobalt,2022-05,USD,77721.36363636365
Cobalt,2022-06,USD,72057.72727272726
Cobalt,2022-07,USD,55713.2380952381
Cobalt,2022-08,USD,49308.82608695652
Cobalt,2022-09,USD,51515.40909090909
Cobalt,2022-10,USD,51509.2380952381
Cobalt,2022-11,USD,51504.59090909091
Cobalt,2022-12,USD,51497.77272727273
Cobalt,2023-01,USD,48874.36363636364
Cobalt,2023-02,USD,36615.0125
Cobalt,2023-03,USD,33865.13043478261
Cobalt,2023-04,USD,34498.75
Cobalt,2023-05,USD,33139.63043478261
Cobalt,2023-06,USD,29350.63636363636
Cobalt,2023-07,USD,32982.29761904762
Cobalt,2023-08,USD,32980.65217391304
Cobalt,2023-09,USD,32981.88095238095
Cobalt,2023-10,USD,32982.75
Cobalt,2023-11,USD,33003.72727272727
Cobalt,2023-12,USD,30025.66666666667
Cobalt,2024-01,USD,28691.42391304348
Cobalt,2024-02,USD,28271.04761904762
Cobalt,2024-03,USD,28282.35714285714
Cobalt,2024-04,USD,27997.06818181818
Cobalt,2024-05,USD,27440.23913043478
Cobalt,2024-06,USD,26825.4
Cobalt,2024-07,USD,26401.21739130435
Cobalt,2024-08,USD,25111.34090909091
Cobalt,2024-09,USD,24080.35714285714
Cobalt,2024-10,USD,24229.21739130435
Cobalt,2024-11,USD,24292.2619047619
Cobalt,2024-12,USD,24300.0
Cobalt,2025-01,USD,23779.95652173913
Cobalt,2025-02,USD,21721.075
Cobalt,2025-03,USD,31534.71428571429
Cobalt,2025-04,USD,33313.63636363636
Cobalt,2025-05,USD,33260.34090909091
Cobalt,2025-06,USD,32964.78571428571
Cobalt,2025-07,USD,32895.14130434783
Cobalt,2025-08,USD,32895.97619047619
Cobalt,2025-09,USD,33482.06818181818
Cobalt,2025-10,USD,43145.73913043478
Cobalt,2025-11,USD,48138.85
Cobalt,2025-12,USD,51872.69318181818
Cobalt,2026-01,USD,55500.13636363636
Cobalt,2026-02,USD,55858.175
Cobalt,2026-03,USD,55849.36363636364
Copper,2005-01,INDEX,65.08148632510097
Copper,2005-02,INDEX,66.70436357635029
Copper,2005-03,INDEX,69.41199585105373
Copper,2005-04,INDEX,69.63600964884522
Copper,2005-05,INDEX,66.59754127626805
Copper,2005-06,INDEX,72.510304987638
Copper,2005-07,INDEX,74.12802431896992
Copper,2005-08,INDEX,77.89624053723874
Copper,2005-09,INDEX,79.10312710066782
Copper,2005-10,INDEX,83.3248178558117
Copper,2005-11,INDEX,87.8851527324284
Copper,2005-12,INDEX,94.024680391132
Copper,2006-01,INDEX,97.45187139644888
Copper,2006-02,INDEX,102.1996677599252
Copper,2006-03,INDEX,105.2543523582007
Copper,2006-04,INDEX,131.5649012123923
Copper,2006-05,INDEX,165.5579352822116
Copper,2006-06,INDEX,148.3756145574042
Copper,2006-07,INDEX,158.7284491281446
Copper,2006-08,INDEX,157.9788833091152
Copper,2006-09,INDEX,156.5900466741174
Copper,2006-10,INDEX,154.0174007208383
Copper,2006-11,INDEX,144.4010593100263
Copper,2006-12,INDEX,137.24557225697
Copper,2007-01,INDEX,116.8747080501996
Copper,2007-02,INDEX,117.466526002928
Copper,2007-03,INDEX,132.8149483011071
Copper,2007-04,INDEX,159.2749686555076
Copper,2007-05,INDEX,157.7262563952302
Copper,2007-06,INDEX,154.363114749784
Copper,2007-07,INDEX,163.9502872341666
Copper,2007-08,INDEX,154.0748270447461
Copper,2007-09,INDEX,157.5906253338163
Copper,2007-10,INDEX,164.7649128279261
Copper,2007-11,INDEX,142.9247825929808
Copper,2007-12,INDEX,136.2135543513876
Copper,2008-01,INDEX,145.42025983922
Copper,2008-02,INDEX,163.1329125541542
Copper,2008-03,INDEX,173.2640408175925
Copper,2008-04,INDEX,179.0132586832624
Copper,2008-05,INDEX,171.6577869758954
Copper,2008-06,INDEX,170.3404831311313
Copper,2008-07,INDEX,172.7033459644721
Copper,2008-08,INDEX,156.8192450707224
Copper,2008-09,INDEX,143.2880157637149
Copper,2008-10,INDEX,100.5545284198001
Copper,2008-11,INDEX,76.60776657459913
Copper,2008-12,INDEX,63.78719525148555
Copper,2009-01,INDEX,66.97670174798851
Copper,2009-02,INDEX,68.37474593701118
Copper,2009-03,INDEX,77.46414246588337
Copper,2009-04,INDEX,91.14664111391642
Copper,2009-05,INDEX,94.32122579958396
Copper,2009-06,INDEX,103.0307620622696
Copper,2009-07,INDEX,107.4059821315962
Copper,2009-08,INDEX,126.8899990039323
Copper,2009-09,INDEX,127.2777434104808
Copper,2009-10,INDEX,129.5423481593832
Copper,2009-11,INDEX,137.2757041979394
Copper,2009-12,INDEX,143.32627774724
Copper,2010-01,INDEX,151.3461428977591
Copper,2010-02,INDEX,141.0809307148568
Copper,2010-03,INDEX,153.3913746235184
Copper,2010-04,INDEX,158.7921194253662
Copper,2010-05,INDEX,140.5772819503243
Copper,2010-06,INDEX,133.558689227816
Copper,2010-07,INDEX,138.6752346238003
Copper,2010-08,INDEX,150.0168557821525
Copper,2010-09,INDEX,158.7870537699646
Copper,2010-10,INDEX,170.2945065001436
Copper,2010-11,INDEX,173.7592169263768
Copper,2010-12,INDEX,188.0248562161737
Copper,2011-01,INDEX,195.8381444507599
Copper,2011-02,INDEX,202.9816289843841
Copper,2011-03,INDEX,195.2251219953967
Copper,2011-04,INDEX,194.8017627124621
Copper,2011-05,INDEX,183.4811667474973
Copper,2011-06,INDEX,186.2580796689532
Copper,2011-07,INDEX,198.2470753579715
Copper,2011-08,INDEX,184.8434312019551
Copper,2011-09,INDEX,170.5076264153509
Copper,2011-10,INDEX,151.8970065216951
Copper,2011-11,INDEX,155.7350547505696
Copper,2011-12,INDEX,155.2800795257876
Copper,2012-01,INDEX,165.6139387316594
Copper,2012-02,INDEX,173.4113797019478
Copper,2012-03,INDEX,174.0132000174814
Copper,2012-04,INDEX,170.2074958547132
Copper,2012-05,INDEX,162.224229352156
Copper,2012-06,INDEX,152.5974937029988
Copper,2012-07,INDEX,155.8015852477799
Copper,2012-08,INDEX,154.284923351726
Copper,2012-09,INDEX,166.1444723697762
Copper,2012-10,INDEX,165.6163204997772
Copper,2012-11,INDEX,158.4098141787651
Copper,2012-12,INDEX,163.6535477016415
Copper,2013-01,INDEX,165.4459394995225
Copper,2013-02,INDEX,165.5935671712271
Copper,2013-03,INDEX,157.2008266522662
Copper,2013-04,INDEX,148.3425238332445
Copper,2013-05,INDEX,148.9085255074898
Copper,2013-06,INDEX,143.8041290138282
Copper,2013-07,INDEX,141.8814057641143
Copper,2013-08,INDEX,147.6253373011448
Copper,2013-09,INDEX,147.0710743411943
Copper,2013-10,INDEX,147.9698749454318
Copper,2013-11,INDEX,145.2506932219358
Copper,2013-12,INDEX,148.2138870890979
Copper,2014-01,INDEX,149.786761419286
Copper,2014-02,INDEX,146.8644851974341
Copper,2014-03,INDEX,136.6100212748078
Copper,2014-04,INDEX,137.0933261524121
Copper,2014-05,INDEX,141.5626582027276
Copper,2014-06,INDEX,140.1250325364423
Copper,2014-07,INDEX,146.1283960391229
Copper,2014-08,INDEX,143.8369974138535
Copper,2014-09,INDEX,141.1742134751559
Copper,2014-10,INDEX,138.4063316500261
Copper,2014-11,INDEX,137.9003994436584
Copper,2014-12,INDEX,132.427859750755
Copper,2015-01,INDEX,119.7752376368481
Copper,2015-02,INDEX,117.6950640968539
Copper,2015-03,INDEX,122.0171653240448
Copper,2015-04,INDEX,124.1210930861758
Copper,2015-05,INDEX,129.3120162607311
Copper,2015-06,INDEX,119.8260942825853
Copper,2015-07,INDEX,112.0966511487941
Copper,2015-08,INDEX,105.3288421560841
Copper,2015-09,INDEX,107.1766625200066
Copper,2015-10,INDEX,107.1528516052156
Copper,2015-11,INDEX,98.6032436235257
Copper,2015-12,INDEX,95.29439353169276
Copper,2016-01,INDEX,91.86281273634276
Copper,2016-02,INDEX,94.46828151319968
Copper,2016-03,INDEX,101.7646261170308
Copper,2016-04,INDEX,100.0994405830108
Copper,2016-05,INDEX,96.43871030236537
Copper,2016-06,INDEX,95.35874525238626
Copper,2016-07,INDEX,99.93852237455364
Copper,2016-08,INDEX,97.61237830525752
Copper,2016-09,INDEX,97.00706750081424
Copper,2016-10,INDEX,97.19313056886875
Copper,2016-11,INDEX,111.9771296941567
Copper,2016-12,INDEX,116.2791550520139
Copper,2017-01,INDEX,118.2144777487419
Copper,2017-02,INDEX,122.0426803533258
Copper,2017-03,INDEX,119.6539269562423
Copper,2017-04,INDEX,116.7629938780808
Copper,2017-05,INDEX,115.0303514962907
Copper,2017-06,INDEX,117.4996278432944
Copper,2017-07,INDEX,122.9508044101261
Copper,2017-08,INDEX,133.232573071315
Copper,2017-09,INDEX,135.1130906456793
Copper,2017-10,INDEX,139.846871695725
Copper,2017-11,INDEX,140.23601674432
Copper,2017-12,INDEX,140.3869912133357
Copper,2018-01,INDEX,145.152036887309
Copper,2018-02,INDEX,143.9332915545526
Copper,2018-03,INDEX,139.6738257057378
Copper,2018-04,INDEX,140.7489085177262
Copper,2018-05,INDEX,140.2098936585315
Copper,2018-06,INDEX,143.097861931588
Copper,2018-07,INDEX,128.4075946613506
Copper,2018-08,INDEX,124.3051141070561
Copper,2018-09,INDEX,124.299301442563
Copper,2018-10,INDEX,127.7674200494447
Copper,2018-11,INDEX,127.2812450155972
Copper,2018-12,INDEX,124.8036935302868
Copper,2019-01,INDEX,122.0054933069903
Copper,2019-02,INDEX,129.4293396902622
Copper,2019-03,INDEX,132.2843050571921
Copper,2019-04,INDEX,132.2616713486926
Copper,2019-05,INDEX,123.6243131427874
Copper,2019-06,INDEX,120.8370777117727
Copper,2019-07,INDEX,122.0484970776509
Copper,2019-08,INDEX,117.2876084325521
Copper,2019-09,INDEX,118.3108330285779
Copper,2019-10,INDEX,118.2707300078949
Copper,2019-11,INDEX,120.37953686648
Copper,2019-12,INDEX,124.8395757679789
Copper,2020-01,INDEX,123.8976206476515
Copper,2020-02,INDEX,116.8420264024472
Copper,2020-03,INDEX,106.4655098649137
Copper,2020-04,INDEX,103.9046543829878
Copper,2020-05,INDEX,107.6404421315479
Copper,2020-06,INDEX,118.215215864868
Copper,2020-07,INDEX,130.9078706290362
Copper,2020-08,INDEX,133.7002874689965
Copper,2020-09,INDEX,137.7370845810326
Copper,2020-10,INDEX,137.9201484965145
Copper,2020-11,INDEX,145.2147923207177
Copper,2020-12,INDEX,159.6631442538641
Copper,2021-01,INDEX,163.7698331816981
Copper,2021-02,INDEX,174.0164028189611
Copper,2021-03,INDEX,184.6433281714898
Copper,2021-04,INDEX,191.5573948455895
Copper,2021-05,INDEX,208.8434513445217
Copper,2021-06,INDEX,197.8574967773145
Copper,2021-07,INDEX,194.1458420420708
Copper,2021-08,INDEX,192.4884142863955
Copper,2021-09,INDEX,191.5551771623492
Copper,2021-10,INDEX,201.9191897459174
Copper,2021-11,INDEX,199.8584540049912
Copper,2021-12,INDEX,196.2075030960443
Copper,2022-01,INDEX,200.9561138328248
Copper,2022-02,INDEX,204.2601583884934
Copper,2022-03,INDEX,210.1706960939674
Copper,2022-04,INDEX,209.0090797120897
Copper,2022-05,INDEX,192.999696655393
Copper,2022-06,INDEX,186.2724502563506
Copper,2022-07,INDEX,154.9911359645532
Copper,2022-08,INDEX,164.1532569120205
Copper,2022-09,INDEX,159.1243750628379
Copper,2022-10,INDEX,157.1742824845672
Copper,2022-11,INDEX,165.366289655143
Copper,2022-12,INDEX,171.965237242723
Copper,2023-01,INDEX,185.0356646540349
Copper,2023-02,INDEX,183.582072735575
Copper,2023-03,INDEX,181.9329802558163
Copper,2023-04,INDEX,180.9643203724348
Copper,2023-05,INDEX,169.337094835685
Copper,2023-06,INDEX,172.487564674716
Copper,2023-07,INDEX,174.1342986395281
Copper,2023-08,INDEX,171.4873491379925
Copper,2023-09,INDEX,170.0264627414849
Copper,2023-10,INDEX,163.1372892270635
Copper,2023-11,INDEX,168.2366534139436
Copper,2023-12,INDEX,172.7213976402261
Copper,2024-01,INDEX,171.5594809854393
Copper,2024-02,INDEX,170.606521526098
Copper,2024-03,INDEX,178.5744086279462
Copper,2024-04,INDEX,194.0384688227836
Copper,2024-05,INDEX,207.8343602030383
Copper,2024-06,INDEX,198.199882791828
Copper,2024-07,INDEX,192.8001396723343
Copper,2024-08,INDEX,184.496856333961
Copper,2024-09,INDEX,190.20796360714
Copper,2024-10,INDEX,195.8544000181637
Copper,2024-11,INDEX,186.4403939074539
Copper,2024-12,INDEX,183.0340071053349
Copper,2025-01,INDEX,184.4057021435895
Copper,2025-02,INDEX,191.6838868288119
Copper,2025-03,INDEX,200.0005849347976
Copper,2025-04,INDEX,188.4323990315361
Copper,2025-05,INDEX,195.7970776259556
Copper,2025-06,INDEX,202.0393452689861
Copper,2025-07,INDEX,200.7145913811444
Copper,2025-08,INDEX,198.6869249825958
Copper,2025-09,INDEX,205.3201269388548
Copper,2025-10,INDEX,220.6274560233216
Copper,2025-11,INDEX,222.1087883679836
Copper,2025-12,INDEX,242.2188277649874
Copper,2026-01,INDEX,266.7806174195774
Copper,2026-02,INDEX,266.0562427035652
Copper,2026-03,INDEX,257.374148213018
Copper,2005-01,USD,3168.1
Copper,2005-02,USD,3247.1
Copper,2005-03,USD,3378.904761904762
Copper,2005-04,USD,3389.809523809524
Copper,2005-05,USD,3241.9
Copper,2005-06,USD,3529.727272727273
Copper,2005-07,USD,3608.47619047619
Copper,2005-08,USD,3791.909090909091
Copper,2005-09,USD,3850.659090909091
Copper,2005-10,USD,4056.166666666667
Copper,2005-11,USD,4278.159090909091
Copper,2005-12,USD,4577.025
Copper,2006-01,USD,4743.857142857143
Copper,2006-02,USD,4974.975
Copper,2006-03,USD,5123.673913043478
Copper,2006-04,USD,6404.444444444444
Copper,2006-05,USD,8059.190476190476
Copper,2006-06,USD,7222.772727272727
Copper,2006-07,USD,7726.738095238095
Copper,2006-08,USD,7690.25
Copper,2006-09,USD,7622.642857142857
Copper,2006-10,USD,7497.409090909091
Copper,2006-11,USD,7029.295454545455
Copper,2006-12,USD,6680.973684210526
Copper,2007-01,USD,5689.340909090909
Copper,2007-02,USD,5718.15
Copper,2007-03,USD,6465.295454545455
Copper,2007-04,USD,7753.342105263158
Copper,2007-05,USD,7677.952380952381
Copper,2007-06,USD,7514.238095238095
Copper,2007-07,USD,7980.931818181818
Copper,2007-08,USD,7500.204545454545
Copper,2007-09,USD,7671.35
Copper,2007-10,USD,8020.586956521739
Copper,2007-11,USD,6957.431818181818
Copper,2007-12,USD,6630.736111111111
Copper,2008-01,USD,7078.909090909091
Copper,2008-02,USD,7941.142857142857
Copper,2008-03,USD,8434.315789473683
Copper,2008-04,USD,8714.181818181818
Copper,2008-05,USD,8356.125
Copper,2008-06,USD,8292.0
Copper,2008-07,USD,8407.021739130436
Copper,2008-08,USD,7633.8
Copper,2008-09,USD,6975.113636363636
Copper,2008-10,USD,4894.891304347826
Copper,2008-11,USD,3729.1875
Copper,2008-12,USD,3105.095238095238
Copper,2009-01,USD,3260.357142857143
Copper,2009-02,USD,3328.4125
Copper,2009-03,USD,3770.875
Copper,2009-04,USD,4436.925
Copper,2009-05,USD,4591.460526315789
Copper,2009-06,USD,5015.431818181818
Copper,2009-07,USD,5228.413043478261
Copper,2009-08,USD,6176.875
Copper,2009-09,USD,6195.75
Copper,2009-10,USD,6305.988636363636
Copper,2009-11,USD,6682.440476190476
Copper,2009-12,USD,6976.97619047619
Copper,2010-01,USD,7367.375
Copper,2010-02,USD,6867.675
Copper,2010-03,USD,7466.934782608696
Copper,2010-04,USD,7729.8375
Copper,2010-05,USD,6843.157894736842
Copper,2010-06,USD,6501.5
Copper,2010-07,USD,6750.568181818182
Copper,2010-08,USD,7302.666666666667
Copper,2010-09,USD,7729.590909090909
Copper,2010-10,USD,8289.761904761905
Copper,2010-11,USD,8458.420454545456
Copper,2010-12,USD,9152.857142857143
Copper,2011-01,USD,9533.2
Copper,2011-02,USD,9880.9375
Copper,2011-03,USD,9503.358695652174
Copper,2011-04,USD,9482.75
Copper,2011-05,USD,8931.675
Copper,2011-06,USD,9066.852272727274
Copper,2011-07,USD,9650.464285714286
Copper,2011-08,USD,8997.988636363636
Copper,2011-09,USD,8300.136363636364
Copper,2011-10,USD,7394.190476190476
Copper,2011-11,USD,7581.022727272727
Copper,2011-12,USD,7558.875
Copper,2012-01,USD,8061.916666666667
Copper,2012-02,USD,8441.488095238095
Copper,2012-03,USD,8470.784090909092
Copper,2012-04,USD,8285.526315789473
Copper,2012-05,USD,7896.909090909091
Copper,2012-06,USD,7428.289473684211
Copper,2012-07,USD,7584.261363636364
Copper,2012-08,USD,7510.431818181818
Copper,2012-09,USD,8087.7425
Copper,2012-10,USD,8062.032608695652
Copper,2012-11,USD,7711.227272727273
Copper,2012-12,USD,7966.486842105263
Copper,2013-01,USD,8053.738636363636
Copper,2013-02,USD,8060.925
Copper,2013-03,USD,7652.375
Copper,2013-04,USD,7221.161904761905
Copper,2013-05,USD,7248.714285714286
Copper,2013-06,USD,7000.2375
Copper,2013-07,USD,6906.641304347826
Copper,2013-08,USD,7186.25
Copper,2013-09,USD,7159.269047619048
Copper,2013-10,USD,7203.021739130435
Copper,2013-11,USD,7070.654761904762
Copper,2013-12,USD,7214.9
Copper,2014-01,USD,7291.465909090909
Copper,2014-02,USD,7149.2125
Copper,2014-03,USD,6650.035714285714
Copper,2014-04,USD,6673.5625
Copper,2014-05,USD,6891.125
Copper,2014-06,USD,6821.142857142857
Copper,2014-07,USD,7113.380434782609
Copper,2014-08,USD,7001.8375
Copper,2014-09,USD,6872.215909090909
Copper,2014-10,USD,6737.478260869565
Copper,2014-11,USD,6712.85
Copper,2014-12,USD,6446.452380952381
Copper,2015-01,USD,5830.535714285714
Copper,2015-02,USD,5729.275
Copper,2015-03,USD,5939.670454545455
Copper,2015-04,USD,6042.0875
Copper,2015-05,USD,6294.776315789474
Copper,2015-06,USD,5833.011363636364
Copper,2015-07,USD,5456.75
Copper,2015-08,USD,5127.3
Copper,2015-09,USD,5217.25
Copper,2015-10,USD,5216.090909090909
Copper,2015-11,USD,4799.904761904762
Copper,2015-12,USD,4638.833333333333
Copper,2016-01,USD,4471.7875
Copper,2016-02,USD,4598.619047619048
Copper,2016-03,USD,4953.797619047619
Copper,2016-04,USD,4872.738095238095
Copper,2016-05,USD,4694.5375
Copper,2016-06,USD,4641.965909090909
Copper,2016-07,USD,4864.904761904762
Copper,2016-08,USD,4751.670454545455
Copper,2016-09,USD,4722.204545454545
Copper,2016-10,USD,4731.261904761905
Copper,2016-11,USD,5450.931818181818
Copper,2016-12,USD,5660.35
Copper,2017-01,USD,5754.559523809524
Copper,2017-02,USD,5940.9125
Copper,2017-03,USD,5824.630434782609
Copper,2017-04,USD,5683.902777777778
Copper,2017-05,USD,5599.559523809524
Copper,2017-06,USD,5719.761363636364
Copper,2017-07,USD,5985.119047619048
Copper,2017-08,USD,6485.625
Copper,2017-09,USD,6577.166666666667
Copper,2017-10,USD,6807.602272727273
Copper,2017-11,USD,6826.545454545455
Copper,2017-12,USD,6833.894736842105
Copper,2018-01,USD,7065.852272727273
Copper,2018-02,USD,7006.525
Copper,2018-03,USD,6799.178571428571
Copper,2018-04,USD,6851.5125
Copper,2018-05,USD,6825.27380952381
Copper,2018-06,USD,6965.857142857143
Copper,2018-07,USD,6250.75
Copper,2018-08,USD,6051.045454545455
Copper,2018-09,USD,6050.7625
Copper,2018-10,USD,6219.586956521739
Copper,2018-11,USD,6195.920454545455
Copper,2018-12,USD,6075.315789473684
Copper,2019-01,USD,5939.102272727273
Copper,2019-02,USD,6300.4875
Copper,2019-03,USD,6439.464285714286
Copper,2019-04,USD,6438.3625
Copper,2019-05,USD,6017.904761904762
Copper,2019-06,USD,5882.225
Copper,2019-07,USD,5941.195652173913
Copper,2019-08,USD,5709.440476190476
Copper,2019-09,USD,5759.25
Copper,2019-10,USD,5757.297826086957
Copper,2019-11,USD,5859.952380952381
Copper,2019-12,USD,6077.0625
Copper,2020-01,USD,6031.209090909091
Copper,2020-02,USD,5687.75
Copper,2020-03,USD,5182.631818181818
Copper,2020-04,USD,5057.972
Copper,2020-05,USD,5239.826315789474
Copper,2020-06,USD,5754.595454545455
Copper,2020-07,USD,6372.460869565217
Copper,2020-08,USD,6508.392857142857
Copper,2020-09,USD,6704.9
Copper,2020-10,USD,6713.811363636364
Copper,2020-11,USD,7068.907142857143
Copper,2020-12,USD,7772.238095238095
Copper,2021-01,USD,7972.1475
Copper,2021-02,USD,8470.94
Copper,2021-03,USD,8988.247826086958
Copper,2021-04,USD,9324.8175
Copper,2021-05,USD,10166.285
Copper,2021-06,USD,9631.5
Copper,2021-07,USD,9450.820454545456
Copper,2021-08,USD,9370.138571428572
Copper,2021-09,USD,9324.709545454543
Copper,2021-10,USD,9829.219047619048
Copper,2021-11,USD,9728.904545454545
Copper,2021-12,USD,9551.18
Copper,2022-01,USD,9782.3375
Copper,2022-02,USD,9943.175
Copper,2022-03,USD,10230.89391304348
Copper,2022-04,USD,10174.34761904762
Copper,2022-05,USD,9395.027272727271
Copper,2022-06,USD,9067.55181818182
Copper,2022-07,USD,7544.809523809524
Copper,2022-08,USD,7990.812173913043
Copper,2022-09,USD,7746.011363636364
Copper,2022-10,USD,7651.082857142857
Copper,2022-11,USD,8049.861363636364
Copper,2022-12,USD,8371.091363636364
Copper,2023-01,USD,9007.346363636363
Copper,2023-02,USD,8936.587
Copper,2023-03,USD,8856.310869565217
Copper,2023-04,USD,8809.1575
Copper,2023-05,USD,8243.156086956522
Copper,2023-06,USD,8396.517727272727
Copper,2023-07,USD,8476.679047619047
Copper,2023-08,USD,8347.828260869564
Copper,2023-09,USD,8276.71380952381
Copper,2023-10,USD,7941.355909090909
Copper,2023-11,USD,8189.587727272727
Copper,2023-12,USD,8407.900476190476
Copper,2024-01,USD,8351.339565217391
Copper,2024-02,USD,8304.950476190475
Copper,2024-03,USD,8692.819047619048
Copper,2024-04,USD,9445.593636363636
Copper,2024-05,USD,10117.16347826087
Copper,2024-06,USD,9648.167
Copper,2024-07,USD,9385.313043478262
Copper,2024-08,USD,8981.117727272727
Copper,2024-09,USD,9259.128571428571
Copper,2024-10,USD,9533.991304347826
Copper,2024-11,USD,9075.727142857142
Copper,2024-12,USD,8909.907727272726
Copper,2025-01,USD,8976.68043478261
Copper,2025-02,USD,9330.975
Copper,2025-03,USD,9735.823333333334
Copper,2025-04,USD,9172.69590909091
Copper,2025-05,USD,9531.200909090909
Copper,2025-06,USD,9835.068095238095
Copper,2025-07,USD,9770.580434782609
Copper,2025-08,USD,9671.875714285714
Copper,2025-09,USD,9994.773181818182
Copper,2025-10,USD,10739.91826086957
Copper,2025-11,USD,10812.028
Copper,2025-12,USD,11790.96409090909
Copper,2026-01,USD,12986.60681818182
Copper,2026-02,USD,12951.345
Copper,2026-03,USD,12528.70954545455
Lithium,2012-06,INDEX,65.10303858046001
Lithium,2012-07,INDEX,65.02694720936105
Lithium,2012-08,INDEX,65.14371132776309
Lithium,2012-09,INDEX,65.53917132515257
Lithium,2012-10,INDEX,66.1337352578874
Lithium,2012-11,INDEX,66.46094086988606
Lithium,2012-12,INDEX,66.45706930495061
Lithium,2013-01,INDEX,66.58465608840721
Lithium,2013-02,INDEX,66.46703218116622
Lithium,2013-03,INDEX,66.65002271086155
Lithium,2013-04,INDEX,66.96627278166717
Lithium,2013-05,INDEX,67.46293952071706
Lithium,2013-06,INDEX,67.53502563305626
Lithium,2013-07,INDEX,67.5378615791405
Lithium,2013-08,INDEX,67.67457043868917
Lithium,2013-09,INDEX,67.69018720789401
Lithium,2013-10,INDEX,67.87170709126826
Lithium,2013-11,INDEX,67.99188645238442
Lithium,2013-12,INDEX,68.20315446024892
Lithium,2014-01,INDEX,68.46109408335286
Lithium,2014-02,INDEX,68.12886763692325
Lithium,2014-03,INDEX,67.11460154178496
Lithium,2014-04,INDEX,64.20309398749791
Lithium,2014-05,INDEX,63.94717107564163
Lithium,2014-06,INDEX,64.02237691432966
Lithium,2014-07,INDEX,64.35322072587846
Lithium,2014-08,INDEX,64.82083311810308
Lithium,2014-09,INDEX,64.98439307721138
Lithium,2014-10,INDEX,65.12655936592935
Lithium,2014-11,INDEX,65.1204696651911
Lithium,2014-12,INDEX,64.43574492439706
Lithium,2015-01,INDEX,64.16000818582027
Lithium,2015-02,INDEX,63.80734809558734
Lithium,2015-03,INDEX,63.93856255135714
Lithium,2015-04,INDEX,64.32134567741757
Lithium,2015-05,INDEX,64.30792065080848
Lithium,2015-06,INDEX,67.28274165103294
Lithium,2015-07,INDEX,67.55165773859504
Lithium,2015-08,INDEX,66.17467164354841
Lithium,2015-09,INDEX,65.85462831665977
Lithium,2015-10,INDEX,68.46380644849862
Lithium,2015-11,INDEX,70.64303639381178
Lithium,2015-12,INDEX,74.55422303337072
Lithium,2016-01,INDEX,73.9591424987435
Lithium,2016-02,INDEX,74.2096555600751
Lithium,2016-03,INDEX,79.79558042967913
Lithium,2016-04,INDEX,83.65144331231517
Lithium,2016-05,INDEX,105.3676205088421
Lithium,2016-06,INDEX,108.6110941746148
Lithium,2016-07,INDEX,107.225900089425
Lithium,2016-08,INDEX,107.6902765221025
Lithium,2016-09,INDEX,107.3116092622733
Lithium,2016-10,INDEX,114.3496302336337
Lithium,2016-11,INDEX,119.6287003979902
Lithium,2016-12,INDEX,118.1993470103051
Lithium,2017-01,INDEX,118.6773425903326
Lithium,2017-02,INDEX,119.0543149096597
Lithium,2017-03,INDEX,118.6574810064496
Lithium,2017-04,INDEX,118.7525949144989
Lithium,2017-05,INDEX,118.8212025203514
Lithium,2017-06,INDEX,120.2173414009973
Lithium,2017-07,INDEX,120.8263462279281
Lithium,2017-08,INDEX,122.6688158916131
Lithium,2017-09,INDEX,124.6067586838975
Lithium,2017-10,INDEX,126.4807099785721
Lithium,2017-11,INDEX,135.174903968478
Lithium,2017-12,INDEX,141.2088050734928
Lithium,2018-01,INDEX,144.7231364569914
Lithium,2018-02,INDEX,147.2782261248773
Lithium,2018-03,INDEX,147.2818149266572
Lithium,2018-04,INDEX,147.7761882277826
Lithium,2018-05,INDEX,147.24327312425
Lithium,2018-06,INDEX,148.0008723859529
Lithium,2018-07,INDEX,139.5250979072048
Lithium,2018-08,INDEX,134.1950936783585
Lithium,2018-09,INDEX,131.3434867853118
Lithium,2018-10,INDEX,127.8606932885824
Lithium,2018-11,INDEX,123.0903683448513
Lithium,2018-12,INDEX,122.2818946186456
Lithium,2019-01,INDEX,120.1034509007
Lithium,2019-02,INDEX,119.842464605168
Lithium,2019-03,INDEX,118.8073684286493
Lithium,2019-04,INDEX,115.1910006249074
Lithium,2019-05,INDEX,110.8125666786189
Lithium,2019-06,INDEX,107.5594907585601
Lithium,2019-07,INDEX,100.8181472664911
Lithium,2019-08,INDEX,94.41460666176346
Lithium,2019-09,INDEX,92.69148226750252
Lithium,2019-10,INDEX,91.82737888989786
Lithium,2019-11,INDEX,87.54944812451652
Lithium,2019-12,INDEX,85.28190613831457
Lithium,2020-01,INDEX,86.45359979611315
Lithium,2020-02,INDEX,86.01896471688903
Lithium,2020-03,INDEX,86.70791564636797
Lithium,2020-04,INDEX,82.01901663677536
Lithium,2020-05,INDEX,78.47574932072827
Lithium,2020-06,INDEX,74.34950208069569
Lithium,2020-07,INDEX,69.4890563190046
Lithium,2020-08,INDEX,70.12662387873704
Lithium,2020-09,INDEX,70.82452430237979
Lithium,2020-10,INDEX,70.95858368420173
Lithium,2020-11,INDEX,72.02387800991721
Lithium,2020-12,INDEX,73.32737366898927
Lithium,2021-01,INDEX,78.06388053900392
Lithium,2021-02,INDEX,81.70822709787384
Lithium,2021-03,INDEX,87.15031577729117
Lithium,2021-04,INDEX,91.75049719233644
Lithium,2021-05,INDEX,96.6382131077114
Lithium,2021-06,INDEX,98.73547806642958
Lithium,2021-07,INDEX,97.96429228051768
Lithium,2021-08,INDEX,106.3549644301977
Lithium,2021-09,INDEX,125.5296837838779
Lithium,2021-10,INDEX,145.5573083758924
Lithium,2021-11,INDEX,167.3155102605937
Lithium,2021-12,INDEX,188.6596702711801
Lithium,2022-01,INDEX,272.3682311231441
Lithium,2022-02,INDEX,348.964975931037
Lithium,2022-03,INDEX,484.0396232666447
Lithium,2022-04,INDEX,501.2477825298223
Lithium,2022-05,INDEX,463.6248320009573
Lithium,2022-06,INDEX,453.8326061796669
Lithium,2022-07,INDEX,451.1690102351093
Lithium,2022-08,INDEX,445.2901837360809
Lithium,2022-09,INDEX,428.4200623090459
Lithium,2022-10,INDEX,418.3871036183273
Lithium,2022-11,INDEX,419.3573711892358
Lithium,2022-12,INDEX,431.559419002246
Lithium,2023-01,INDEX,439.9632275294554
Lithium,2023-02,INDEX,425.647944725077
Lithium,2023-03,INDEX,362.2409265544758
Lithium,2023-04,INDEX,296.6424358977775
Lithium,2023-05,INDEX,229.5178537787563
Lithium,2023-06,INDEX,270.947552218301
Lithium,2023-07,INDEX,274.4803119017988
Lithium,2023-08,INDEX,254.2352110160876
Lithium,2023-09,INDEX,211.8866965143056
Lithium,2023-10,INDEX,183.2933540716236
Lithium,2023-11,INDEX,173.6985241996514
Lithium,2023-12,INDEX,154.0884485708585
Lithium,2024-01,INDEX,125.3795007133169
Lithium,2024-02,INDEX,124.4281354052196
Lithium,2024-03,INDEX,127.1367233600914
Lithium,2024-04,INDEX,127.179055933512
Lithium,2024-05,INDEX,127.2585101655749
Lithium,2024-06,INDEX,124.2894642890469
Lithium,2024-07,INDEX,117.0512448456799
Lithium,2024-08,INDEX,109.9397189476394
Lithium,2024-09,INDEX,106.0305994918346
Lithium,2024-10,INDEX,105.0191209734786
Lithium,2024-11,INDEX,101.826980708341
Lithium,2024-12,INDEX,98.748134216611
Lithium,2025-01,INDEX,93.36072186315
Lithium,2025-02,INDEX,92.9461956791352
Lithium,2025-03,INDEX,91.60007613702176
Lithium,2025-04,INDEX,87.20563553954103
Lithium,2025-05,INDEX,84.12007144431027
Lithium,2025-06,INDEX,78.84332819309827
Lithium,2025-07,INDEX,79.12017248103035
Lithium,2025-08,INDEX,83.42459851806639
Lithium,2025-09,INDEX,86.58574485304663
Lithium,2025-10,INDEX,84.893671837898
Lithium,2025-11,INDEX,87.59386121377842
Lithium,2025-12,INDEX,97.44156816974356
Lithium,2026-01,INDEX,134.3848124426983
Lithium,2026-02,INDEX,152.5962032845731
Lithium,2026-03,INDEX,158.9652648562305
Lithium,2012-06,USD,63643.21697331381
Lithium,2012-07,USD,63568.83181793182
Lithium,2012-08,USD,63682.97770550009
Lithium,2012-09,USD,64069.57020512695
Lithium,2012-10,USD,64650.80208309504
Lithium,2012-11,USD,64970.67068237064
Lithium,2012-12,USD,64966.88593049752
Lithium,2013-01,USD,65091.61180381326
Lithium,2013-02,USD,64976.62540666475
Lithium,2013-03,USD,65155.51269425376
Lithium,2013-04,USD,65464.67141115809
Lithium,2013-05,USD,65950.2012685351
Lithium,2013-06,USD,66020.6709760695
Lithium,2013-07,USD,66023.44333103017
Lithium,2013-08,USD,66157.08673385964
Lithium,2013-09,USD,66172.35332436905
Lithium,2013-10,USD,66349.80294230478
Lithium,2013-11,USD,66467.28749175138
Lithium,2013-12,USD,66673.81818459182
Lithium,2014-01,USD,66925.97396344891
Lithium,2014-02,USD,66601.1971131601
Lithium,2014-03,USD,65609.67415863957
Lithium,2014-04,USD,62763.45206152614
Lithium,2014-05,USD,62513.26777269941
Lithium,2014-06,USD,62586.78725218371
Lithium,2014-07,USD,62910.21247075713
Lithium,2014-08,USD,63367.33947414548
Lithium,2014-09,USD,63527.23188765873
Lithium,2014-10,USD,63666.21034636748
Lithium,2014-11,USD,63660.2571965017
Lithium,2014-12,USD,62990.88620867148
Lithium,2015-01,USD,62721.332383483
Lithium,2015-02,USD,62376.58007806205
Lithium,2015-03,USD,62504.8522794935
Lithium,2015-04,USD,62879.05216442636
Lithium,2015-05,USD,62865.928170524
Lithium,2015-06,USD,65774.04402044808
Lithium,2015-07,USD,66036.930135774
Lithium,2015-08,USD,64690.82054201086
Lithium,2015-09,USD,64377.953626147
Lithium,2015-10,USD,66928.62550855718
Lithium,2015-11,USD,69058.99003943695
Lithium,2015-12,USD,72882.47516935048
Lithium,2016-01,USD,72300.73827338257
Lithium,2016-02,USD,72545.63401810687
Lithium,2016-03,USD,78006.30430669061
Lithium,2016-04,USD,81775.70621802637
Lithium,2016-05,USD,103004.9361784896
Lithium,2016-06,USD,106175.680628503
Lithium,2016-07,USD,104821.5470943987
Lithium,2016-08,USD,105275.5106989647
Lithium,2016-09,USD,104905.3343891721
Lithium,2016-10,USD,111785.5400678893
Lithium,2016-11,USD,116946.2363305109
Lithium,2016-12,USD,115548.9336889213
Lithium,2017-01,USD,116016.211055313
Lithium,2017-02,USD,116384.7304306754
Lithium,2017-03,USD,115996.7948326595
Lithium,2017-04,USD,116089.7759779202
Lithium,2017-05,USD,116156.845178383
Lithium,2017-06,USD,117521.6780900759
Lithium,2017-07,USD,118117.0270504819
Lithium,2017-08,USD,119918.1825591873
Lithium,2017-09,USD,121812.6703788118
Lithium,2017-10,USD,123644.6015980743
Lithium,2017-11,USD,132143.8435163116
Lithium,2017-12,USD,138042.4449578921
Lithium,2018-01,USD,141477.9736157397
Lithium,2018-02,USD,143975.769873261
Lithium,2018-03,USD,143979.278202447
Lithium,2018-04,USD,144462.5660482278
Lithium,2018-05,USD,143941.6006324498
Lithium,2018-06,USD,144682.2120577029
Lithium,2018-07,USD,136396.4919756645
Lithium,2018-08,USD,131186.0037557343
Lithium,2018-09,USD,128398.3391524536
Lithium,2018-10,USD,124993.6411995054
Lithium,2018-11,USD,120330.2824370434
Lithium,2018-12,USD,119539.9373180435
Lithium,2019-01,USD,117410.3413847597
Lithium,2019-02,USD,117155.2072497673
Lithium,2019-03,USD,116143.3212919558
Lithium,2019-04,USD,112608.0442018642
Lithium,2019-05,USD,108327.7889676546
Lithium,2019-06,USD,105147.6575770884
Lithium,2019-07,USD,98557.47690484308
Lithium,2019-08,USD,92297.52448187854
Lithium,2019-09,USD,90613.0381339729
Lithium,2019-10,USD,89768.31076106695
Lithium,2019-11,USD,85586.30509997181
Lithium,2019-12,USD,83369.60877103482
Lithium,2020-01,USD,84515.02925086957
Lithium,2020-02,USD,84090.140102
Lithium,2020-03,USD,84763.64251363635
Lithium,2020-04,USD,80179.88385136364
Lithium,2020-05,USD,76716.06809857143
Lithium,2020-06,USD,72682.34472545455
Lithium,2020-07,USD,67930.88594652174
Lithium,2020-08,USD,68554.15717047619
Lithium,2020-09,USD,69236.40839954546
Lithium,2020-10,USD,69367.46173454545
Lithium,2020-11,USD,70408.86870095239
Lithium,2020-12,USD,71683.13575304348
Lithium,2021-01,USD,76313.43475285714
Lithium,2021-02,USD,79876.0632235
Lithium,2021-03,USD,85196.12259652175
Lithium,2021-04,USD,89693.1530009091
Lithium,2021-05,USD,94471.27044809524
Lithium,2021-06,USD,96521.50791363636
Lithium,2021-07,USD,95767.61461818182
Lithium,2021-08,USD,103970.1406418182
Lithium,2021-09,USD,122714.9005
Lithium,2021-10,USD,142293.4406904762
Lithium,2021-11,USD,163563.7530090909
Lithium,2021-12,USD,184429.3076173913
Lithium,2022-01,USD,266260.8506142857
Lithium,2022-02,USD,341140.047585
Lithium,2022-03,USD,473185.8825478261
Lithium,2022-04,USD,490008.1789809524
Lithium,2022-05,USD,453228.8572181818
Lithium,2022-06,USD,443656.2049090909
Lithium,2022-07,USD,441052.3354380952
Lithium,2022-08,USD,435305.331326087
Lithium,2022-09,USD,418813.4928227273
Lithium,2022-10,USD,409005.5056571429
Lithium,2022-11,USD,409954.0166772727
Lithium,2022-12,USD,421882.4549409091
Lithium,2023-01,USD,430097.8227818182
Lithium,2023-02,USD,416103.53512
Lithium,2023-03,USD,354118.3082695652
Lithium,2023-04,USD,289990.748865
Lithium,2023-05,USD,224371.317926087
Lithium,2023-06,USD,264872.0279454545
Lithium,2023-07,USD,268325.5716809524
Lithium,2023-08,USD,248534.4317217391
Lithium,2023-09,USD,207135.5084809524
Lithium,2023-10,USD,179183.3216590909
Lithium,2023-11,USD,169803.6390409091
Lithium,2023-12,USD,150633.2850095238
Lithium,2024-01,USD,122568.0850217391
Lithium,2024-02,USD,121638.0524142857
Lithium,2024-03,USD,124285.9050285714
Lithium,2024-04,USD,124327.2883681818
Lithium,2024-05,USD,124404.9609782609
Lithium,2024-06,USD,121502.490755
Lithium,2024-07,USD,114426.5757043478
Lithium,2024-08,USD,107474.5133181818
Lithium,2024-09,USD,103653.0490190476
Lithium,2024-10,USD,102664.2511347826
Lithium,2024-11,USD,99543.68902380952
Lithium,2024-12,USD,96533.88027181818
Lithium,2025-01,USD,91267.27120391304
Lithium,2025-02,USD,90862.0400435
Lithium,2025-03,USD,89546.10487428571
Lithium,2025-04,USD,85250.20191
Lithium,2025-05,USD,82233.826185
Lithium,2025-06,USD,77075.40465857142
Lithium,2025-07,USD,77346.04119826086
Lithium,2025-08,USD,81553.94802095238
Lithium,2025-09,USD,84644.21118636364
Lithium,2025-10,USD,82990.07994478261
Lithium,2025-11,USD,85629.7223035
Lithium,2025-12,USD,95256.61168
Lithium,2026-01,USD,131371.4684090909
Lithium,2026-02,USD,149174.50071
Lithium,2026-03,USD,155400.7472318182
Manganese,2012-06,INDEX,171.0291237189781
Manganese,2012-07,INDEX,166.3257009663759
Manganese,2012-08,INDEX,148.8631711846486
Manganese,2012-09,INDEX,146.5425382648944
Manganese,2012-10,INDEX,150.2215904547485
Manganese,2012-11,INDEX,143.7565827737077
Manganese,2012-12,INDEX,142.4259771659766
Manganese,2013-01,INDEX,142.1812169371298
Manganese,2013-02,INDEX,142.7074514291505
Manganese,2013-03,INDEX,135.2952958322386
Manganese,2013-04,INDEX,131.2693609165397
Manganese,2013-05,INDEX,131.6504080909945
Manganese,2013-06,INDEX,129.2952027889157
Manganese,2013-07,INDEX,125.1826190437167
Manganese,2013-08,INDEX,121.0467274494525
Manganese,2013-09,INDEX,124.4116243228491
Manganese,2013-10,INDEX,125.231571089486
Manganese,2013-11,INDEX,128.3924746163081
Manganese,2013-12,INDEX,128.915212533631
Manganese,2014-01,INDEX,129.0681876766603
Manganese,2014-02,INDEX,129.1966867968049
Manganese,2014-03,INDEX,126.7974537916562
Manganese,2014-04,INDEX,120.3046589374487
Manganese,2014-05,INDEX,119.0380247531663
Manganese,2014-06,INDEX,120.3101422023157
Manganese,2014-07,INDEX,123.297965281596
Manganese,2014-08,INDEX,125.4168895484701
Manganese,2014-09,INDEX,131.0134752227453
Manganese,2014-10,INDEX,133.1495644926814
Manganese,2014-11,INDEX,129.5485296257722
Manganese,2014-12,INDEX,123.9098658537131
Manganese,2015-01,INDEX,122.2493902102863
Manganese,2015-02,INDEX,119.2606453067674
Manganese,2015-03,INDEX,115.2829021967331
Manganese,2015-04,INDEX,118.359927664611
Manganese,2015-05,INDEX,118.359927664611
Manganese,2015-06,INDEX,118.359927664611
Manganese,2015-07,INDEX,118.359927664611
Manganese,2015-08,INDEX,118.359927664611
Manganese,2015-09,INDEX,118.359927664611
Manganese,2015-10,INDEX,117.2020449001912
Manganese,2015-11,INDEX,91.97506637614642
Manganese,2015-12,INDEX,83.10833570494478
Manganese,2016-01,INDEX,87.79316303756326
Manganese,2016-02,INDEX,109.7749626378081
Manganese,2016-03,INDEX,96.31315005123182
Manganese,2016-04,INDEX,94.2938781632454
Manganese,2016-05,INDEX,93.5262210818621
Manganese,2016-06,INDEX,93.17437825289475
Manganese,2016-07,INDEX,93.59019250531072
Manganese,2016-08,INDEX,93.957332848581
Manganese,2016-09,INDEX,99.92336342672272
Manganese,2016-10,INDEX,107.2282907329017
Manganese,2016-11,INDEX,106.5763914653778
Manganese,2016-12,INDEX,123.8486757965014
Manganese,2017-01,INDEX,120.0103903895851
Manganese,2017-02,INDEX,118.2191905330241
Manganese,2017-03,INDEX,121.401073508033
Manganese,2017-04,INDEX,119.6265618488934
Manganese,2017-05,INDEX,117.2401496176367
Manganese,2017-06,INDEX,112.7176481164439
Manganese,2017-07,INDEX,106.9602200060694
Manganese,2017-08,INDEX,106.9602200060694
Manganese,2017-09,INDEX,105.6198663719081
Manganese,2017-10,INDEX,102.9300203288072
Manganese,2017-11,INDEX,102.7381060584614
Manganese,2017-12,INDEX,101.1162781611263
Manganese,2018-01,INDEX,102.8237721385578
Manganese,2018-02,INDEX,117.0229249145351
Manganese,2018-03,INDEX,125.7678184999596
Manganese,2018-04,INDEX,123.8486757965014
Manganese,2018-05,INDEX,142.0833128455911
Manganese,2018-06,INDEX,132.6950097819658
Manganese,2018-07,INDEX,129.4781610599788
Manganese,2018-08,INDEX,141.7161725023208
Manganese,2018-09,INDEX,157.6255873773654
Manganese,2018-10,INDEX,155.6675055465907
Manganese,2018-11,INDEX,146.3666168504108
Manganese,2018-12,INDEX,131.6227268746368
Manganese,2019-01,INDEX,118.2191905330241
Manganese,2019-02,INDEX,118.2191905330241
Manganese,2019-03,INDEX,113.7960235402919
Manganese,2019-04,INDEX,109.7749626378081
Manganese,2019-05,INDEX,112.1613748690648
Manganese,2019-06,INDEX,110.6616065668058
Manganese,2019-07,INDEX,110.4847673014639
Manganese,2019-08,INDEX,107.3696371161405
Manganese,2019-09,INDEX,97.84581529377276
Manganese,2019-10,INDEX,98.5159921108534
Manganese,2019-11,INDEX,94.83001961690994
Manganese,2019-12,INDEX,91.47913553150671
Manganese,2020-01,INDEX,92.5805565613175
Manganese,2020-02,INDEX,110.2675425983623
Manganese,2020-03,INDEX,128.0707897441094
Manganese,2020-04,INDEX,94.57535242641926
Manganese,2020-05,INDEX,94.57535242641926
Manganese,2020-06,INDEX,93.577398220621
Manganese,2020-07,INDEX,91.41794547429502
Manganese,2020-08,INDEX,88.4767433909855
Manganese,2020-09,INDEX,90.79464130060664
Manganese,2020-10,INDEX,93.75651820627708
Manganese,2020-11,INDEX,89.46190331209402
Manganese,2020-12,INDEX,90.07176421563739
Manganese,2021-01,INDEX,119.6935795306015
Manganese,2021-02,INDEX,148.3369366926278
Manganese,2021-03,INDEX,158.2986780066942
Manganese,2021-04,INDEX,161.1440156670388
Manganese,2021-05,INDEX,168.0803457238234
Manganese,2021-06,INDEX,187.8200992451075
Manganese,2021-07,INDEX,199.1430411955108
Manganese,2021-08,INDEX,218.7055024860945
Manganese,2021-09,INDEX,280.0796861426873
Manganese,2021-10,INDEX,328.1185696426791
Manganese,2021-11,INDEX,349.5398577231837
Manganese,2021-12,INDEX,419.3966521290616
Manganese,2022-01,INDEX,422.6135008510486
Manganese,2022-02,INDEX,416.5819094973229
Manganese,2022-03,INDEX,370.2610361880583
Manganese,2022-04,INDEX,354.6575715990722
Manganese,2022-05,INDEX,354.6575715990722
Manganese,2022-06,INDEX,284.8007771931944
Manganese,2022-07,INDEX,162.5513869829081
Manganese,2022-08,INDEX,137.7694138121655
Manganese,2022-09,INDEX,135.1076463234561
Manganese,2022-10,INDEX,136.3139645942012
Manganese,2022-11,INDEX,134.7238177827644
Manganese,2022-12,INDEX,130.8855323758481
Manganese,2023-01,INDEX,134.2120463951756
Manganese,2023-02,INDEX,136.5150176393254
Manganese,2023-03,INDEX,141.1409859645307
Manganese,2023-04,INDEX,133.6862012944281
Manganese,2023-05,INDEX,132.2929036917174
Manganese,2023-06,INDEX,132.2929036917174
Manganese,2023-07,INDEX,118.0516463287539
Manganese,2023-08,INDEX,114.7007622433507
Manganese,2023-09,INDEX,114.7007622433507
Manganese,2023-10,INDEX,114.7007622433507
Manganese,2023-11,INDEX,116.4279906764631
Manganese,2023-12,INDEX,114.1311119488322
Manganese,2024-01,INDEX,113.9358865282044
Manganese,2024-02,INDEX,113.0588290415032
Manganese,2024-03,INDEX,110.9812809085532
Manganese,2024-04,INDEX,111.1823339536774
Manganese,2024-05,INDEX,107.1805042120316
Manganese,2024-06,INDEX,119.0636133225457
Manganese,2024-07,INDEX,124.0567219910212
Manganese,2024-08,INDEX,122.3261559184246
Manganese,2024-09,INDEX,119.8946325757257
Manganese,2024-10,INDEX,119.4735867058641
Manganese,2024-11,INDEX,117.1804164665491
Manganese,2024-12,INDEX,138.6580603248537
Manganese,2025-01,INDEX,138.0447690696182
Manganese,2025-02,INDEX,110.1268054667754
Manganese,2025-03,INDEX,116.7448015354467
Manganese,2025-04,INDEX,115.2765050543882
Manganese,2025-05,INDEX,112.6792652623748
Manganese,2025-06,INDEX,114.5399198072514
Manganese,2025-07,INDEX,114.3152648829169
Manganese,2025-08,INDEX,118.1923834603409
Manganese,2025-09,INDEX,117.6050648679175
Manganese,2025-10,INDEX,116.6098920283561
Manganese,2025-11,INDEX,118.6906599238403
Manganese,2025-12,INDEX,124.9745728491969
Manganese,2026-01,INDEX,126.3627527380316
Manganese,2026-02,INDEX,155.7608203838386
Manganese,2026-03,INDEX,160.721804272278
Manganese,2012-06,USD,3038.095238095238
Manganese,2012-07,USD,2954.545454545455
Manganese,2012-08,USD,2644.347826086957
Manganese,2012-09,USD,2603.125
Manganese,2012-10,USD,2668.478260869565
Manganese,2012-11,USD,2553.636363636364
Manganese,2012-12,USD,2530.0
Manganese,2013-01,USD,2525.652173913043
Manganese,2013-02,USD,2535.0
Manganese,2013-03,USD,2403.333333333333
Manganese,2013-04,USD,2331.818181818182
Manganese,2013-05,USD,2338.586956521739
Manganese,2013-06,USD,2296.75
Manganese,2013-07,USD,2223.695652173913
Manganese,2013-08,USD,2150.227272727273
Manganese,2013-09,USD,2210.0
Manganese,2013-10,USD,2224.565217391304
Manganese,2013-11,USD,2280.714285714286
Manganese,2013-12,USD,2290.0
Manganese,2014-01,USD,2292.717391304348
Manganese,2014-02,USD,2295.0
Manganese,2014-03,USD,2252.380952380952
Manganese,2014-04,USD,2137.045454545455
Manganese,2014-05,USD,2114.545454545455
Manganese,2014-06,USD,2137.142857142857
Manganese,2014-07,USD,2190.217391304348
Manganese,2014-08,USD,2227.857142857143
Manganese,2014-09,USD,2327.272727272727
Manganese,2014-10,USD,2365.217391304348
Manganese,2014-11,USD,2301.25
Manganese,2014-12,USD,2201.086956521739
Manganese,2015-01,USD,2171.590909090909
Manganese,2015-02,USD,2118.5
Manganese,2015-03,USD,2047.840909090909
Manganese,2015-04,USD,2102.5
Manganese,2015-05,USD,2102.5
Manganese,2015-06,USD,2102.5
Manganese,2015-07,USD,2102.5
Manganese,2015-08,USD,2102.5
Manganese,2015-09,USD,2102.5
Manganese,2015-10,USD,2081.931818181818
Manganese,2015-11,USD,1633.809523809524
Manganese,2015-12,USD,1476.304347826087
Manganese,2016-01,USD,1559.52380952381
Manganese,2016-02,USD,1950.0
Manganese,2016-03,USD,1710.869565217391
Manganese,2016-04,USD,1675.0
Manganese,2016-05,USD,1661.363636363636
Manganese,2016-06,USD,1655.113636363636
Manganese,2016-07,USD,1662.5
Manganese,2016-08,USD,1669.021739130435
Manganese,2016-09,USD,1775.0
Manganese,2016-10,USD,1904.761904761905
Manganese,2016-11,USD,1893.181818181818
Manganese,2016-12,USD,2200.0
Manganese,2017-01,USD,2131.818181818182
Manganese,2017-02,USD,2100.0
Manganese,2017-03,USD,2156.521739130435
Manganese,2017-04,USD,2125.0
Manganese,2017-05,USD,2082.608695652174
Manganese,2017-06,USD,2002.272727272727
Manganese,2017-07,USD,1900.0
Manganese,2017-08,USD,1900.0
Manganese,2017-09,USD,1876.190476190476
Manganese,2017-10,USD,1828.409090909091
Manganese,2017-11,USD,1825.0
Manganese,2017-12,USD,1796.190476190476
Manganese,2018-01,USD,1826.521739130435
Manganese,2018-02,USD,2078.75
Manganese,2018-03,USD,2234.090909090909
Manganese,2018-04,USD,2200.0
Manganese,2018-05,USD,2523.913043478261
Manganese,2018-06,USD,2357.142857142857
Manganese,2018-07,USD,2300.0
Manganese,2018-08,USD,2517.391304347826
Manganese,2018-09,USD,2800.0
Manganese,2018-10,USD,2765.217391304348
Manganese,2018-11,USD,2600.0
Manganese,2018-12,USD,2338.095238095238
Manganese,2019-01,USD,2100.0
Manganese,2019-02,USD,2100.0
Manganese,2019-03,USD,2021.428571428571
Manganese,2019-04,USD,1950.0
Manganese,2019-05,USD,1992.391304347826
Manganese,2019-06,USD,1965.75
Manganese,2019-07,USD,1962.608695652174
Manganese,2019-08,USD,1907.272727272727
Manganese,2019-09,USD,1738.095238095238
Manganese,2019-10,USD,1750.0
Manganese,2019-11,USD,1684.52380952381
Manganese,2019-12,USD,1625.0
Manganese,2020-01,USD,1644.565217391304
Manganese,2020-02,USD,1958.75
Manganese,2020-03,USD,2275.0
Manganese,2020-04,USD,1680.0
Manganese,2020-05,USD,1680.0
Manganese,2020-06,USD,1662.272727272727
Manganese,2020-07,USD,1623.913043478261
Manganese,2020-08,USD,1571.666666666667
Manganese,2020-09,USD,1612.840909090909
Manganese,2020-10,USD,1665.454545454545
Manganese,2020-11,USD,1589.166666666667
Manganese,2020-12,USD,1600.0
Manganese,2021-01,USD,2126.190476190476
Manganese,2021-02,USD,2635.0
Manganese,2021-03,USD,2811.95652173913
Manganese,2021-04,USD,2862.5
Manganese,2021-05,USD,2985.714285714286
Manganese,2021-06,USD,3336.363636363636
Manganese,2021-07,USD,3537.5
Manganese,2021-08,USD,3885.0
Manganese,2021-09,USD,4975.227272727273
Manganese,2021-10,USD,5828.571428571429
Manganese,2021-11,USD,6209.090909090909
Manganese,2021-12,USD,7450.0
Manganese,2022-01,USD,7507.142857142857
Manganese,2022-02,USD,7400.0
Manganese,2022-03,USD,6577.173913043478
Manganese,2022-04,USD,6300.0
Manganese,2022-05,USD,6300.0
Manganese,2022-06,USD,5059.090909090909
Manganese,2022-07,USD,2887.5
Manganese,2022-08,USD,2447.282608695652
Manganese,2022-09,USD,2400.0
Manganese,2022-10,USD,2421.428571428571
Manganese,2022-11,USD,2393.181818181818
Manganese,2022-12,USD,2325.0
Manganese,2023-01,USD,2384.090909090909
Manganese,2023-02,USD,2425.0
Manganese,2023-03,USD,2507.173913043478
Manganese,2023-04,USD,2374.75
Manganese,2023-05,USD,2350.0
Manganese,2023-06,USD,2350.0
Manganese,2023-07,USD,2097.02380952381
Manganese,2023-08,USD,2037.5
Manganese,2023-09,USD,2037.5
Manganese,2023-10,USD,2037.5
Manganese,2023-11,USD,2068.181818181818
Manganese,2023-12,USD,2027.380952380952
Manganese,2024-01,USD,2023.913043478261
Manganese,2024-02,USD,2008.333333333333
Manganese,2024-03,USD,1971.428571428571
Manganese,2024-04,USD,1975.0
Manganese,2024-05,USD,1903.913043478261
Manganese,2024-06,USD,2115.0
Manganese,2024-07,USD,2203.695652173913
Manganese,2024-08,USD,2172.954545454545
Manganese,2024-09,USD,2129.761904761905
Manganese,2024-10,USD,2122.282608695652
Manganese,2024-11,USD,2081.547619047619
Manganese,2024-12,USD,2463.068181818182
Manganese,2025-01,USD,2452.173913043478
Manganese,2025-02,USD,1956.25
Manganese,2025-03,USD,2073.809523809524
Manganese,2025-04,USD,2047.727272727273
Manganese,2025-05,USD,2001.590909090909
Manganese,2025-06,USD,2034.642857142857
Manganese,2025-07,USD,2030.652173913043
Manganese,2025-08,USD,2099.52380952381
Manganese,2025-09,USD,2089.090909090909
Manganese,2025-10,USD,2071.413043478261
Manganese,2025-11,USD,2108.375
Manganese,2025-12,USD,2220.0
Manganese,2026-01,USD,2244.659090909091
Manganese,2026-02,USD,2766.875
Manganese,2026-03,USD,2855.0
Nickel,2005-01,INDEX,151.7819508846489
Nickel,2005-02,INDEX,160.6598466780461
Nickel,2005-03,INDEX,169.2506687455363
Nickel,2005-04,INDEX,168.1921014409127
Nickel,2005-05,INDEX,177.1957548315868
Nickel,2005-06,INDEX,167.9299748569352
Nickel,2005-07,INDEX,152.0304635793467
Nickel,2005-08,INDEX,155.9324726898029
Nickel,2005-09,INDEX,147.517261898642
Nickel,2005-10,INDEX,129.5558836650545
Nickel,2005-11,INDEX,127.512424221321
Nickel,2005-12,INDEX,140.5961252638786
Nickel,2006-01,INDEX,152.7934955675598
Nickel,2006-02,INDEX,156.0627464438881
Nickel,2006-03,INDEX,155.5518467648236
Nickel,2006-04,INDEX,187.8952830032187
Nickel,2006-05,INDEX,220.2286497726989
Nickel,2006-06,INDEX,214.544292682325
Nickel,2006-07,INDEX,272.9049042721645
Nickel,2006-08,INDEX,317.5434598894935
Nickel,2006-09,INDEX,309.5577351596362
Nickel,2006-10,INDEX,339.2446987063746
Nickel,2006-11,INDEX,332.3709817180981
Nickel,2006-12,INDEX,358.5188564531271
Nickel,2007-01,INDEX,383.7509503292951
Nickel,2007-02,INDEX,428.1134270999796
Nickel,2007-03,INDEX,480.7125211880428
Nickel,2007-04,INDEX,520.6424864581278
Nickel,2007-05,INDEX,539.6807385902258
Nickel,2007-06,INDEX,433.0473284130326
Nickel,2007-07,INDEX,348.0938395293246
Nickel,2007-08,INDEX,288.1617542544919
Nickel,2007-09,INDEX,307.9504796168541
Nickel,2007-10,INDEX,324.7047265822416
Nickel,2007-11,INDEX,317.9267015878749
Nickel,2007-12,INDEX,271.5275591591318
Nickel,2008-01,INDEX,289.4659129635702
Nickel,2008-02,INDEX,292.4901363910891
Nickel,2008-03,INDEX,324.0486953827221
Nickel,2008-04,INDEX,299.9091308137807
Nickel,2008-05,INDEX,267.3894857349237
Nickel,2008-06,INDEX,235.1448705452106
Nickel,2008-07,INDEX,209.5526967451638
Nickel,2008-08,INDEX,199.1812746660189
Nickel,2008-09,INDEX,185.3208104431942
Nickel,2008-10,INDEX,126.5726200908621
Nickel,2008-11,INDEX,112.3116088719196
Nickel,2008-12,INDEX,102.6237080966933
Nickel,2009-01,INDEX,120.5079371979915
Nickel,2009-02,INDEX,108.4997988273871
Nickel,2009-03,INDEX,101.2042317372457
Nickel,2009-04,INDEX,118.0968057433345
Nickel,2009-05,INDEX,132.5673949386889
Nickel,2009-06,INDEX,155.7486682658573
Nickel,2009-07,INDEX,166.931655669503
Nickel,2009-08,INDEX,201.9339590898389
Nickel,2009-09,INDEX,181.3893854062744
Nickel,2009-10,INDEX,192.695489231271
Nickel,2009-11,INDEX,176.2482303935405
Nickel,2009-12,INDEX,178.4398071479793
Nickel,2010-01,INDEX,191.820807560206
Nickel,2010-02,INDEX,198.6471522742696
Nickel,2010-03,INDEX,234.1506471469526
Nickel,2010-04,INDEX,271.2664326564988
Nickel,2010-05,INDEX,228.5522741670483
Nickel,2010-06,INDEX,202.3025864416257
Nickel,2010-07,INDEX,203.73275540011
Nickel,2010-08,INDEX,223.5371068454946
Nickel,2010-09,INDEX,236.4743395836539
Nickel,2010-10,INDEX,247.9753464796975
Nickel,2010-11,INDEX,237.9968844768532
Nickel,2010-12,INDEX,251.163331347525
Nickel,2011-01,INDEX,267.0218532008953
Nickel,2011-02,INDEX,296.108855918019
Nickel,2011-03,INDEX,278.3725827380324
Nickel,2011-04,INDEX,274.4312163890749
Nickel,2011-05,INDEX,251.8405315423323
Nickel,2011-06,INDEX,233.6687166434012
Nickel,2011-07,INDEX,248.5409827129112
Nickel,2011-08,INDEX,227.8715345866105
Nickel,2011-09,INDEX,212.3732213551526
Nickel,2011-10,INDEX,198.4230566031947
Nickel,2011-11,INDEX,186.2706245411607
Nickel,2011-12,INDEX,190.1583841843249
Nickel,2012-01,INDEX,207.4856433588121
Nickel,2012-02,INDEX,212.5407612982853
Nickel,2012-03,INDEX,194.4810686770368
Nickel,2012-04,INDEX,186.4771427239526
Nickel,2012-05,INDEX,176.8421208045882
Nickel,2012-06,INDEX,173.0419419000138
Nickel,2012-07,INDEX,168.0886719755481
Nickel,2012-08,INDEX,163.665404301614
Nickel,2012-09,INDEX,180.1734220287118
Nickel,2012-10,INDEX,178.9308879544761
Nickel,2012-11,INDEX,170.2455316204567
Nickel,2012-12,INDEX,181.8465278524279
Nickel,2013-01,INDEX,182.3214349014111
Nickel,2013-02,INDEX,184.3644589713863
Nickel,2013-03,INDEX,174.376109698167
Nickel,2013-04,INDEX,162.8871060340799
Nickel,2013-05,INDEX,155.7889234198252
Nickel,2013-06,INDEX,148.8276026895051
Nickel,2013-07,INDEX,143.3044146579368
Nickel,2013-08,INDEX,149.1192794213897
Nickel,2013-09,INDEX,143.8367407283565
Nickel,2013-10,INDEX,147.1327638051618
Nickel,2013-11,INDEX,142.6134081423755
Nickel,2013-12,INDEX,145.1202721957489
Nickel,2014-01,INDEX,146.9618219834971
Nickel,2014-02,INDEX,148.0279823869302
Nickel,2014-03,INDEX,163.3955458857382
Nickel,2014-04,INDEX,181.0659275179494
Nickel,2014-05,INDEX,202.1960698830583
Nickel,2014-06,INDEX,194.1475960643609
Nickel,2014-07,INDEX,199.2422654392358
Nickel,2014-08,INDEX,193.8494304588205
Nickel,2014-09,INDEX,187.9568406417651
Nickel,2014-10,INDEX,164.7949395394554
Nickel,2014-11,INDEX,164.7394995609777
Nickel,2014-12,INDEX,166.3548692975856
Nickel,2015-01,INDEX,154.7567830767446
Nickel,2015-02,INDEX,151.8870818041956
Nickel,2015-03,INDEX,143.3584499455008
Nickel,2015-04,INDEX,133.7226214508361
Nickel,2015-05,INDEX,140.8138607025486
Nickel,2015-06,INDEX,133.6632403051103
Nickel,2015-07,INDEX,118.9461679636649
Nickel,2015-08,INDEX,108.2418567942984
Nickel,2015-09,INDEX,103.5681082204641
Nickel,2015-10,INDEX,107.5209692114653
Nickel,2015-11,INDEX,96.34352058785151
Nickel,2015-12,INDEX,90.75167478154744
Nickel,2016-01,INDEX,88.66210237655739
Nickel,2016-02,INDEX,86.48613986207253
Nickel,2016-03,INDEX,90.85031062392623
Nickel,2016-04,INDEX,92.53456415888468
Nickel,2016-05,INDEX,90.25730449533047
Nickel,2016-06,INDEX,93.05039746905392
Nickel,2016-07,INDEX,106.9584742111963
Nickel,2016-08,INDEX,107.7206433472722
Nickel,2016-09,INDEX,106.2177579478712
Nickel,2016-10,INDEX,106.9259678077961
Nickel,2016-11,INDEX,115.9843812916375
Nickel,2016-12,INDEX,114.3519564084017
Nickel,2017-01,INDEX,103.9216068981077
Nickel,2017-02,INDEX,110.9234117483879
Nickel,2017-03,INDEX,106.3519811078609
Nickel,2017-04,INDEX,100.1469352126763
Nickel,2017-05,INDEX,95.41373819440928
Nickel,2017-06,INDEX,93.08592667471352
Nickel,2017-07,INDEX,98.9183503197847
Nickel,2017-08,INDEX,113.494257697642
Nickel,2017-09,INDEX,116.8898008011989
Nickel,2017-10,INDEX,118.1402934910618
Nickel,2017-11,INDEX,124.7709907126267
Nickel,2017-12,INDEX,119.8008412988756
Nickel,2018-01,INDEX,134.0764449669314
Nickel,2018-02,INDEX,141.694854105833
Nickel,2018-03,INDEX,139.5753001268671
Nickel,2018-04,INDEX,145.2614889451772
Nickel,2018-05,INDEX,149.7261069749427
Nickel,2018-06,INDEX,157.4296282998466
Nickel,2018-07,INDEX,143.7582719398569
Nickel,2018-08,INDEX,139.7717766341646
Nickel,2018-09,INDEX,130.3816207535674
Nickel,2018-10,INDEX,128.3447962725218
Nickel,2018-11,INDEX,117.1391989062599
Nickel,2018-12,INDEX,112.922112822643
Nickel,2019-01,INDEX,120.0925049113711
Nickel,2019-02,INDEX,132.2041505732191
Nickel,2019-03,INDEX,135.7585272726551
Nickel,2019-04,INDEX,133.1167182205859
Nickel,2019-05,INDEX,125.2327801532981
Nickel,2019-06,INDEX,124.4785261347054
Nickel,2019-07,INDEX,141.1782337097413
Nickel,2019-08,INDEX,164.1307861397466
Nickel,2019-09,INDEX,184.0182533681489
Nickel,2019-10,INDEX,177.6539786013908
Nickel,2019-11,INDEX,158.1190866345622
Nickel,2019-12,INDEX,144.1288889271606
Nickel,2020-01,INDEX,140.767186546061
Nickel,2020-02,INDEX,132.5201947006298
Nickel,2020-03,INDEX,123.4601998851586
Nickel,2020-04,INDEX,123.0202104657749
Nickel,2020-05,INDEX,126.9346320725804
Nickel,2020-06,INDEX,132.6411124305579
Nickel,2020-07,INDEX,139.677475531419
Nickel,2020-08,INDEX,151.9073561224386
Nickel,2020-09,INDEX,154.8432656749652
Nickel,2020-10,INDEX,158.8231288622676
Nickel,2020-11,INDEX,164.7466211928677
Nickel,2020-12,INDEX,175.3280311855892
Nickel,2021-01,INDEX,186.1682397923501
Nickel,2021-02,INDEX,193.6845559956502
Nickel,2021-03,INDEX,170.9885797472002
Nickel,2021-04,INDEX,172.1828207743888
Nickel,2021-05,INDEX,183.4473577973774
Nickel,2021-06,INDEX,187.3812438239426
Nickel,2021-07,INDEX,196.1246497308496
Nickel,2021-08,INDEX,199.4886859859922
Nickel,2021-09,INDEX,201.9438598951493
Nickel,2021-10,INDEX,201.7929284457735
Nickel,2021-11,INDEX,207.7383133089454
Nickel,2021-12,INDEX,208.6000521979487
Nickel,2022-01,INDEX,232.9857505660754
Nickel,2022-02,INDEX,250.2876683936369
Nickel,2022-03,INDEX,353.5543858457462
Nickel,2022-04,INDEX,345.3172603048094
Nickel,2022-05,INDEX,294.1986447560268
Nickel,2022-06,INDEX,269.6882253410995
Nickel,2022-07,INDEX,223.8821461884575
Nickel,2022-08,INDEX,229.645440886111
Nickel,2022-09,INDEX,237.3480074880508
Nickel,2022-10,INDEX,229.6246132685324
Nickel,2022-11,INDEX,266.4118877981314
Nickel,2022-12,INDEX,302.0883738582547
Nickel,2023-01,INDEX,294.6426603449959
Nickel,2023-02,INDEX,278.5560308400894
Nickel,2023-03,INDEX,242.7115540450182
Nickel,2023-04,INDEX,247.7369030776988
Nickel,2023-05,INDEX,230.6864981035395
Nickel,2023-06,INDEX,221.2911088224402
Nickel,2023-07,INDEX,219.8110293381744
Nickel,2023-08,INDEX,213.0899078411289
Nickel,2023-09,INDEX,204.734509813017
Nickel,2023-10,INDEX,190.3459570726841
Nickel,2023-11,INDEX,177.4574866466125
Nickel,2023-12,INDEX,171.372766164463
Nickel,2024-01,INDEX,167.914187119705
Nickel,2024-02,INDEX,170.2778462789375
Nickel,2024-03,INDEX,181.3135568325243
Nickel,2024-04,INDEX,188.9736912449702
Nickel,2024-05,INDEX,204.024816592818
Nickel,2024-06,INDEX,182.3624900828576
Nickel,2024-07,INDEX,170.2404413666092
Nickel,2024-08,INDEX,169.9112396930192
Nickel,2024-09,INDEX,168.4979246617886
Nickel,2024-10,INDEX,174.7315327493995
Nickel,2024-11,INDEX,163.9046805307515
Nickel,2024-12,INDEX,160.900137801763
Nickel,2025-01,INDEX,160.2269300009922
Nickel,2025-02,INDEX,159.3199133749278
Nickel,2025-03,INDEX,167.2527606760278
Nickel,2025-04,INDEX,157.8501260360739
Nickel,2025-05,INDEX,159.9803719373297
Nickel,2025-06,INDEX,156.3608921981899
Nickel,2025-07,INDEX,156.683044357557
Nickel,2025-08,INDEX,155.7871566595794
Nickel,2025-09,INDEX,157.403874475762
Nickel,2025-10,INDEX,157.2885114539349
Nickel,2025-11,INDEX,152.8972870247741
Nickel,2025-12,INDEX,155.0677676196871
Nickel,2026-01,INDEX,184.5808555199904
Nickel,2026-02,INDEX,178.9763729790742
Nickel,2026-03,INDEX,177.9674207551487
Nickel,2005-01,USD,14563.75
Nickel,2005-02,USD,15415.6
Nickel,2005-03,USD,16239.90476190476
Nickel,2005-04,USD,16138.33333333333
Nickel,2005-05,USD,17002.25
Nickel,2005-06,USD,16113.18181818182
Nickel,2005-07,USD,14587.59523809524
Nickel,2005-08,USD,14962.0
Nickel,2005-09,USD,14154.54545454545
Nickel,2005-10,USD,12431.11904761905
Nickel,2005-11,USD,12235.04545454545
Nickel,2005-12,USD,13490.45
Nickel,2006-01,USD,14660.80952380952
Nickel,2006-02,USD,14974.5
Nickel,2006-03,USD,14925.47826086957
Nickel,2006-04,USD,18028.88888888889
Nickel,2006-05,USD,21131.33333333333
Nickel,2006-06,USD,20585.90909090909
Nickel,2006-07,USD,26185.71428571429
Nickel,2006-08,USD,30468.86363636364
Nickel,2006-09,USD,29702.61904761905
Nickel,2006-10,USD,32551.13636363636
Nickel,2006-11,USD,31891.59090909091
Nickel,2006-12,USD,34400.52631578947
Nickel,2007-01,USD,36821.59090909091
Nickel,2007-02,USD,41078.25
Nickel,2007-03,USD,46125.22727272727
Nickel,2007-04,USD,49956.57894736842
Nickel,2007-05,USD,51783.33333333333
Nickel,2007-06,USD,41551.66666666667
Nickel,2007-07,USD,33400.22727272727
Nickel,2007-08,USD,27649.63636363636
Nickel,2007-09,USD,29548.4
Nickel,2007-10,USD,31156.0
Nickel,2007-11,USD,30505.63636363636
Nickel,2007-12,USD,26053.55555555556
Nickel,2008-01,USD,27774.77272727273
Nickel,2008-02,USD,28064.95238095238
Nickel,2008-03,USD,31093.05263157895
Nickel,2008-04,USD,28776.81818181818
Nickel,2008-05,USD,25656.5
Nickel,2008-06,USD,22562.57142857143
Nickel,2008-07,USD,20106.95652173913
Nickel,2008-08,USD,19111.8
Nickel,2008-09,USD,17781.86363636364
Nickel,2008-10,USD,12144.86956521739
Nickel,2008-11,USD,10776.5
Nickel,2008-12,USD,9846.92857142857
Nickel,2009-01,USD,11562.95238095238
Nickel,2009-02,USD,10410.75
Nickel,2009-03,USD,9710.727272727274
Nickel,2009-04,USD,11331.6
Nickel,2009-05,USD,12720.07894736842
Nickel,2009-06,USD,14944.36363636364
Nickel,2009-07,USD,16017.39130434783
Nickel,2009-08,USD,19375.925
Nickel,2009-09,USD,17404.63636363636
Nickel,2009-10,USD,18489.47727272727
Nickel,2009-11,USD,16911.33333333333
Nickel,2009-12,USD,17121.61904761905
Nickel,2010-01,USD,18405.55
Nickel,2010-02,USD,19060.55
Nickel,2010-03,USD,22467.17391304348
Nickel,2010-04,USD,26028.5
Nickel,2010-05,USD,21930.0
Nickel,2010-06,USD,19411.29545454545
Nickel,2010-07,USD,19548.52272727273
Nickel,2010-08,USD,21448.78571428571
Nickel,2010-09,USD,22690.13636363636
Nickel,2010-10,USD,23793.67857142857
Nickel,2010-11,USD,22836.22727272727
Nickel,2010-12,USD,24099.57142857143
Nickel,2011-01,USD,25621.225
Nickel,2011-02,USD,28412.175
Nickel,2011-03,USD,26710.34782608696
Nickel,2011-04,USD,26332.16666666667
Nickel,2011-05,USD,24164.55
Nickel,2011-06,USD,22420.93181818182
Nickel,2011-07,USD,23847.95238095238
Nickel,2011-08,USD,21864.68181818182
Nickel,2011-09,USD,20377.59090909091
Nickel,2011-10,USD,19039.04761904762
Nickel,2011-11,USD,17873.0
Nickel,2011-12,USD,18246.0375
Nickel,2012-01,USD,19908.61904761905
Nickel,2012-02,USD,20393.66666666667
Nickel,2012-03,USD,18660.80681818182
Nickel,2012-04,USD,17892.81578947368
Nickel,2012-05,USD,16968.31818181818
Nickel,2012-06,USD,16603.68421052632
Nickel,2012-07,USD,16128.40909090909
Nickel,2012-08,USD,15703.98863636364
Nickel,2012-09,USD,17287.9625
Nickel,2012-10,USD,17168.73913043478
Nickel,2012-11,USD,16335.36363636364
Nickel,2012-12,USD,17448.5
Nickel,2013-01,USD,17494.06818181818
Nickel,2013-02,USD,17690.1
Nickel,2013-03,USD,16731.7
Nickel,2013-04,USD,15629.30952380952
Nickel,2013-05,USD,14948.22619047619
Nickel,2013-06,USD,14280.275
Nickel,2013-07,USD,13750.3152173913
Nickel,2013-08,USD,14308.2619047619
Nickel,2013-09,USD,13801.39285714286
Nickel,2013-10,USD,14117.65217391304
Nickel,2013-11,USD,13684.0119047619
Nickel,2013-12,USD,13924.55
Nickel,2014-01,USD,14101.25
Nickel,2014-02,USD,14203.55
Nickel,2014-03,USD,15678.09523809524
Nickel,2014-04,USD,17373.6
Nickel,2014-05,USD,19401.075
Nickel,2014-06,USD,18628.80952380952
Nickel,2014-07,USD,19117.65217391304
Nickel,2014-08,USD,18600.2
Nickel,2014-09,USD,18034.79545454545
Nickel,2014-10,USD,15812.36956521739
Nickel,2014-11,USD,15807.05
Nickel,2014-12,USD,15962.04761904762
Nickel,2015-01,USD,14849.19047619048
Nickel,2015-02,USD,14573.8375
Nickel,2015-03,USD,13755.5
Nickel,2015-04,USD,12830.925
Nickel,2015-05,USD,13511.34210526316
Nickel,2015-06,USD,12825.22727272727
Nickel,2015-07,USD,11413.09782608696
Nickel,2015-08,USD,10386.0
Nickel,2015-09,USD,9937.545454545456
Nickel,2015-10,USD,10316.82954545455
Nickel,2015-11,USD,9244.333333333332
Nickel,2015-12,USD,8707.785714285714
Nickel,2016-01,USD,8507.2875
Nickel,2016-02,USD,8298.5
Nickel,2016-03,USD,8717.25
Nickel,2016-04,USD,8878.857142857143
Nickel,2016-05,USD,8660.35
Nickel,2016-06,USD,8928.352272727274
Nickel,2016-07,USD,10262.85714285714
Nickel,2016-08,USD,10335.98863636364
Nickel,2016-09,USD,10191.78409090909
Nickel,2016-10,USD,10259.7380952381
Nickel,2016-11,USD,11128.90909090909
Nickel,2016-12,USD,10972.275
Nickel,2017-01,USD,9971.464285714286
Nickel,2017-02,USD,10643.3
Nickel,2017-03,USD,10204.66304347826
Nickel,2017-04,USD,9609.277777777776
Nickel,2017-05,USD,9155.119047619048
Nickel,2017-06,USD,8931.761363636364
Nickel,2017-07,USD,9491.392857142857
Nickel,2017-08,USD,10889.97727272727
Nickel,2017-09,USD,11215.78571428571
Nickel,2017-10,USD,11335.77272727273
Nickel,2017-11,USD,11972.0
Nickel,2017-12,USD,11495.10526315789
Nickel,2018-01,USD,12864.875
Nickel,2018-02,USD,13595.875
Nickel,2018-03,USD,13392.5
Nickel,2018-04,USD,13938.1
Nickel,2018-05,USD,14366.4880952381
Nickel,2018-06,USD,15105.65476190476
Nickel,2018-07,USD,13793.86363636364
Nickel,2018-08,USD,13411.35227272727
Nickel,2018-09,USD,12510.35
Nickel,2018-10,USD,12314.91304347826
Nickel,2018-11,USD,11239.71590909091
Nickel,2018-12,USD,10835.07894736842
Nickel,2019-01,USD,11523.09090909091
Nickel,2019-02,USD,12685.225
Nickel,2019-03,USD,13026.27380952381
Nickel,2019-04,USD,12772.7875
Nickel,2019-05,USD,12016.30952380952
Nickel,2019-06,USD,11943.9375
Nickel,2019-07,USD,13546.30434782609
Nickel,2019-08,USD,15748.64285714286
Nickel,2019-09,USD,17656.88095238095
Nickel,2019-10,USD,17046.21739130435
Nickel,2019-11,USD,15171.80952380952
Nickel,2019-12,USD,13829.425
Nickel,2020-01,USD,13506.86363636364
Nickel,2020-02,USD,12715.55
Nickel,2020-03,USD,11846.22727272727
Nickel,2020-04,USD,11804.0095
Nickel,2020-05,USD,12179.60526315789
Nickel,2020-06,USD,12727.15227272727
Nickel,2020-07,USD,13402.30391304348
Nickel,2020-08,USD,14575.78285714286
Nickel,2020-09,USD,14857.48863636364
Nickel,2020-10,USD,15239.36363636364
Nickel,2020-11,USD,15807.73333333333
Nickel,2020-12,USD,16823.03857142857
Nickel,2021-01,USD,17863.176
Nickel,2021-02,USD,18584.38
Nickel,2021-03,USD,16406.66043478261
Nickel,2021-04,USD,16521.25
Nickel,2021-05,USD,17602.1025
Nickel,2021-06,USD,17979.56590909091
Nickel,2021-07,USD,18818.51136363636
Nickel,2021-08,USD,19141.29666666667
Nickel,2021-09,USD,19376.875
Nickel,2021-10,USD,19362.39285714286
Nickel,2021-11,USD,19932.86318181818
Nickel,2021-12,USD,20015.54857142857
Nickel,2022-01,USD,22355.4
Nickel,2022-02,USD,24015.55
Nickel,2022-03,USD,33924.17647058824
Nickel,2022-04,USD,33133.80952380952
Nickel,2022-05,USD,28228.88681818182
Nickel,2022-06,USD,25877.06818181818
Nickel,2022-07,USD,21481.89285714286
Nickel,2022-08,USD,22034.89130434783
Nickel,2022-09,USD,22773.96636363636
Nickel,2022-10,USD,22032.89285714286
Nickel,2022-11,USD,25562.69772727273
Nickel,2022-12,USD,28985.92045454545
Nickel,2023-01,USD,28271.49090909091
Nickel,2023-02,USD,26727.95
Nickel,2023-03,USD,23288.60826086957
Nickel,2023-04,USD,23770.7995
Nickel,2023-05,USD,22134.78260869565
Nickel,2023-06,USD,21233.27818181818
Nickel,2023-07,USD,21091.2619047619
Nickel,2023-08,USD,20446.35826086957
Nickel,2023-09,USD,19644.64285714286
Nickel,2023-10,USD,18264.03545454545
Nickel,2023-11,USD,17027.36363636364
Nickel,2023-12,USD,16443.52380952381
Nickel,2024-01,USD,16111.66695652174
Nickel,2024-02,USD,16338.46428571429
Nickel,2024-03,USD,17397.36047619048
Nickel,2024-04,USD,18132.36409090909
Nickel,2024-05,USD,19576.54652173913
Nickel,2024-06,USD,17498.0075
Nickel,2024-07,USD,16334.8752173913
Nickel,2024-08,USD,16303.28772727273
Nickel,2024-09,USD,16167.67761904762
Nickel,2024-10,USD,16765.80347826087
Nickel,2024-11,USD,15726.94761904762
Nickel,2024-12,USD,15438.65636363636
Nickel,2025-01,USD,15374.06086956522
Nickel,2025-02,USD,15287.031
Nickel,2025-03,USD,16048.2019047619
Nickel,2025-04,USD,15146.00227272727
Nickel,2025-05,USD,15350.40318181818
Nickel,2025-06,USD,15003.10761904762
Nickel,2025-07,USD,15034.01869565217
Nickel,2025-08,USD,14948.05666666667
Nickel,2025-09,USD,15103.18363636364
Nickel,2025-10,USD,15092.11434782609
Nickel,2025-11,USD,14670.7685
Nickel,2025-12,USD,14879.03
Nickel,2026-01,USD,17710.86363636364
Nickel,2026-02,USD,17173.1035
Nickel,2026-03,USD,17076.29272727273
